﻿word,weight
putus tali gantung,-2
gelebah,-2
gobar hati,-2
tersentuh (perasaan),-1
isak,-5
larat hati,-3
nelangsa,-3
remuk redam,-5
tidak segan,-2
gemar,-1
tak segan,-1
sesal,-4
pengen,-2
penghayatan,-2
absorpsi,-1
linu,-4
salah benang,-1
sakit,-5
lara,-5
zuhud,-1
mencederai,-4
mengingkari,-4
maaf,-3
mengkhianat,-4
mencelakai,-5
mulu,-1
ngga,-2
borong,-1
lever,-2
kasian,-3
gamau,-4
doang,-1
pulas,-1
abis,-2
coba,-1
kangen,-3
kalau,-1
maunya,-1
seandainya,-1
marilah,-1
bener,-1
yaudah,-4
nggak,-3
gatau,-1
apaan,-4
ngakak,-2
atuh,-1
sekali,-1
menarik hati,-1
cedayam,-2
kece,-3
termakan,-1
belom,-1
malem,-1
mencekau,-2
menduga,-1
menyuarakan,-1
memprediksi,-1
membunyikan,-1
menerka,-1
menaksir,-1
mengantisipasi,-1
nangis,-5
rompok,-2
soalnya,-1
griya,-1
gubuk,-2
anjir,-3
putus jiwa,-5
berlalu dr dunia,-5
putus nyawa,-5
menarik napas penghabisan,-5
membuang nyawa,-5
hilang hayat,-4
putus napas,-4
kojor,-3
berputih tulang,-2
buntu,-3
berkalang tanah,-2
koit,-5
putus usia,-3
buntet,-2
tamat riwayatnya,-3
menamatkan riwayatnya,-3
hilang nyawa,-5
males,-4
asih,-1
kasih sayang,-1
kekaguman,-1
dendam berahi,-4
rindu,-3
afeksi,-2
cinta kasih,-1
renjana,-2
pagina,-2
tresna,-1
filantropi,-1
cintrong,-1
cetusan,-1
katanya,-1
rintisan,-2
kronologi,-1
jalan buntu,-4
rintis,-2
jalan bebas hambatan,-1
purwa,-2
lanjut umur,-3
bangkot,-4
sepuh,-3
lanjut usia,-3
lepra,-5
bau tanah,-4
berumur,-2
purba,-3
jomblo,-3
gacoan,-2
tambatan hati,-2
sir-siran,-2
malam,-1
tayib,-1
tayibah,-1
necis,-1
estetis,-1
baper,-4
perfek,-1
tolong,-2
sayid,-1
radang,-4
didih,-4
ngantuk,-2
sirap hati,-2
rampang,-2
kecil hati,-4
bertelinga merah,-3
tersirap hatinya,-2
merah telinga,-3
mencak-mencak,-5
gaada,-3
manjur,-1
mujarab,-1
beber,-2
singkap,-3
penangkis,-3
mending,-3
akibat,-3
satir,-2
nyanyian,-2
menyibuk,-2
gara,-4
dikit,-4
ilang,-5
kepeng,-2
bodo,-5
air,-1
suri,-1
ihh,-5
asasi,-3
menenes,-2
tumpuan,-3
fondasi,-3
beliin,-1
sekam,-3
maafin,-3
memahirkan,-1
menggalakkan memanas-manasi,-3
ngambek,-5
ampun,-3
terbalik akal,-4
tidak masuk akal,-4
gangguan jiwa,-4
majenun,-2
gelo,-2
gila-gila,-4
kalap,-3
sedeng,-2
berubah akal,-2
serem,-5
terlalu,-3
sakit jiwa,-4
gendeng,-2
berubah ingatan,-3
sinting,-5
gila,-4
sakit ingatan,-4
sesat akal,-2
duh,-4
emg,-1
hujan,-2
aduh,-3
cerita khayal,-2
typo,-2
langkah baik,-1
isapan jempol,-3
engah,-4
mafhum,-1
fiksi,-2
omong kosong,-4
bales,-3
profit,-1
waris,-2
selisih,-4
senjang,-4
bareng,-3
ekstasi,-3
laper,-3
hendaknya,-1
membandel,-5
ngaku,-3
kiranya,-1
telat,-5
kopong,-4
ngerti,-1
keduniaan,-2
nol,-3
nyari,-2
sorry,-4
peranakan,-3
bastar,-2
tega,-5
berdenyut,-3
kayaknya,-3
sibuk,-3
ringan tangan,-1
bergelora,-2
sampai rasa,-2
energik,-1
membara,-3
berkobar-kobar,-2
menyala,-2
mentolo,-2
sampai hati,-2
bersungguh-sungguh,-1
tren,-2
menyembur,-3
imbas,-4
aliran udara,-1
melesit,-1
rahayu,-2
kemungkinan,-1
menggusari,-3
mencurat,-1
memarahi,-5
topan,-3
tembis,-3
mendamprat,-4
suak,-2
bongsor,-2
bias,-2
rajaman,-4
rantus,-3
gentas,-2
nanya,-1
melelah,-3
bosen,-4
maksudnya,-1
bersusah hati,-5
berkabung,-5
receh,-4
bermuram durja,-5
pls,-3
berlara-lara,-4
opp,-1
seneng,-1
bersungkawa,-3
bersusah,-5
peluk,-3
tt,-2
menepis,-3
obsesi,-2
dekap,-2
gausah,-4
sengsara,-5
buru-buru,-3
kencang,-3
kilat,-2
begini,-1
akas,-2
mendahului,-1
mengadang,-3
suruh,-2
terampil,-3
pesat,-2
sebat,-3
sput,-2
filsafat,-3
dogma,-3
imut,-1
doktrin,-3
lapar,-5
dominan,-2
masif,-3
keliatan,-1
keras tulang,-2
tangguh,-2
keseser,-4
maksa,-5
bertanduk,-2
luput,-3
jaman,-2
menggeliat,-3
tumpas,-4
keok,-2
tercecer,-3
beterbangan,-3
berpengaruh,-2
lipur,-2
bedegap,-2
besar lengan,-2
gelibat,-2
suka cita,-1
pacaran,-3
bersemangat,-1
berbahagia,-1
berdesir,-2
tersuntuk,-4
adek,-1
block,-4
pening,-3
apanya,-3
kliyengan,-4
pusing,-4
jenguk,-2
akunya,-1
runyam,-5
luyu,-1
mikir,-3
elusif,-2
kuat (dugaan),-2
memihak,-3
boong,-4
tandang,-2
kesian,-3
sayu,-3
cenderung,-2
selit-belit,-3
preseden,-2
miss,-4
napa,-2
ikutan,-3
baik-baik,-1
kesel,-5
intensif,-4
closed,-3
maap,-3
maafkan,-3
kalem,-2
ndak,-3
rantaian,-3
pinter,-1
mesti,-3
diserang,-4
benak kepala,-3
otak,-3
daya pikir,-2
wajib,-2
dedengkot,-2
ketagihan,-3
bogem mentah,-5
gila-gilaan,-3
nanti,-2
coretan,-1
sebenernya,-1
halah,-5
alay,-4
gergaji,-1
kemasukan,-3
berbayar,-3
tukang,-2
memotong,-3
bayar,-3
curhat,-3
beri (uang),-2
kesusupan,-2
pakar,-1
kawaei,-2
kebabaran,-2
berjatuhan,-3
runtuh,-5
terperenyak,-4
penggentaran,-4
tanya,-2
pailit,-5
tersingkir,-5
melorot,-4
menetes,-3
roboh,-5
tercebur,-5
membiak,-3
terjeblos,-4
menggelincir,-3
rebah,-3
nyesel,-5
biasin,-3
terjun,-3
perusuhan,-4
kedapatan,-2
tertangkap tangan,-4
terpelanting,-3
melubangi,-3
tercemplung,-4
jeblos,-4
diem,-3
tepergok,-5
kayanya,-2
terbanting,-3
tertangkap basah,-3
membabar,-1
terjerembab,-2
luruh,-2
tergelincir,-3
terbuang,-2
berhenti (tugas),-2
gogrok,-3
jelabak,-3
menyembul,-3
cape,-4
cuat,-3
unjuk,-3
menyongsong,-2
kesebalikan,-2
sekutu,-3
kekang,-4
mengelukan,-2
berasa,-2
temenan,-2
purnama,-3
ekstrem,-4
pendahuluan,-1
inklusif,-2
kebaca,-1
revolusioner,-1
asak,-3
lelang,-3
permulaan,-3
radikal,-4
berjejal,-3
begah,-2
telak,-3
telik,-2
hati-hati,-3
ingat-ingat,-3
jaga-jaga,-3
entah-berentah,-3
tajam mata,-1
kelih,-3
please,-3
tae,-4
awas,-3
si dia,-3
gaboleh,-4
denger,-3
disuruh,-2
waspada,-3
entah,-3
pelit,-5
kial,-4
nemu,-2
kroni,-3
bot,-2
cute,-1
rekan,-2
sepihak,-3
wacana,-3
tengok,-2
subang,-1
komplot,-4
giwang,-1
melendeh,-3
bersimpuh,-3
mengogah,-3
menggelesot,-3
menumpang tinggal,-4
kuliah,-2
bulan,-1
bersemayam,-3
ampas (kopi),-2
menikah,-2
manja,-3
polos,-2
bercokol,-4
cokol,-4
sia,-5
esok,-2
maneh,-3
himpit,-4
tindas,-5
pilih,-2
ngasih,-2
kehebohan,-3
pilih-pilih,-3
bete,-5
payudara,-3
man,-1
tetek,-4
keonaran,-5
buah dada,-3
biarin,-3
kegemparan,-4
dempet,-3
sebel,-5
ucap,-2
bergas,-2
bergadang,-4
kawal,-2
berpengalaman,-1
sadar,-1
dukacarita,-4
apasih,-4
gugah,-1
bertindik,-3
drama duka,-4
pindah,-3
oma,-2
penderitaan,-5
menugaskan,-1
asri,-3
borak,-4
kepedihan,-5
pulak,-2
menyunduk,-3
rawat,-3
buyut,-3
tragedi,-5
kecek,-3
andal,-1
kesialan,-5
kismat,-2
daya muat,-2
mengamuk,-5
suratan takdir,-3
kemalangan,-5
kegeruhan,-4
iyain,-2
dikatain,-3
duluan,-2
pokoknya,-3
daya tampung,-2
daya serap,-2
kenahasan,-2
keberuntungan,-1
bahala,-3
gerhana,-2
sedi,-2
bersengaja,-2
segitu,-3
php,-4
fk,-4
tendas,-4
dikira,-3
gabut,-5
statis,-3
pasif,-3
membatu,-2
hiatus,-2
stagnan,-3
membisu,-3
membiarkan,-3
gasuka,-4
lepaskan,-2
rasa,-2
huhuhu,-2
bungkam,-4
kosong,-4
bajing,-5
rasa hati,-2
mendiamkan,-3
tertegun,-3
kaget,-3
cabe,-2
sugesti,-3
kuota,-2
lengang,-4
tengkulak,-5
campakkan,-4
syur,-3
bersanggama,-2
sepi,-3
naon,-2
berteduh,-2
mematung,-3
keluarkan,-3
memaafkan,-3
menutup mulut,-3
terperanjat,-3
melanyak,-3
menghinakan,-5
melancarkan,-2
menistakan,-5
leave,-3
melicinkan,-2
murah,-2
spam,-3
mentang,-3
kepo,-3
tobat,-2
mentang-mentang,-4
meringankan,-1
astagfirullah,-4
memudahkan,-1
titip api,-1
mencebikkan,-3
fokus,-2
menahankan,-2
resistan,-2
mengentengkan,-2
astaga,-4
maapin,-4
berat tangan,-4
berat hati,-4
lembam,-4
macem,-2
realitas,-3
alpa,-3
yauda,-4
gigit,-2
ihhh,-4
sorang,-2
berat pinggul,-2
merasa,-2
milih,-2
kerubut,-3
penyebab,-3
kempes,-4
bye,-3
mengerubungi,-3
bertuntun,-2
ketauan,-4
serah,-3
wabah,-5
uar-uar,-3
wara-wara,-3
mengeroyok,-4
istirahat,-2
gajadi,-3
dirimu,-1
ati,-1
love,-3
ngerasa,-2
jelus,-2
timbalan,-2
dajal,-5
artistik,-2
mukhlis,-2
tentangan,-2
mbeling,-2
rame,-2
iri,-4
ngeselin,-5
ngatain,-5
ganjaran,-5
junjungan,-2
imut-imut,-1
seruh,-2
lurus hati,-1
lari-lari,-2
senyum,-1
seringai,-4
mengganjar,-3
panas hati,-5
keki,-4
jail,-4
lemot,-5
sayangnya,-3
menghukum,-3
bukannya,-3
disayang,-3
memberi,-2
membalas,-3
gemes,-2
sukarela,-2
kebiri,-4
berprasangka,-3
pahala,-1
pemudaan,-1
mohon,-2
terhenti,-3
erang,-4
manah,-2
mabok,-4
dipanggil,-1
mager,-4
kepedulian,-2
item,-4
rip,-5
membandungi,-1
haih,-4
muda,-2
tuhkan,-4
memperduakan,-3
regenerasi,-2
gubrisan,-2
pengindahan,-2
ribet,-4
master,-1
iri,-5
tetap hati,-1
tertanggung,-4
diapain,-3
kira,-2
pelita,-2
bernyali,-2
tangan panas,-4
merugi,-5
bernyali besar,-1
meninggal,-4
ngerjain,-2
puntung,-3
percuma,-4
percaya diri,-1
pikir,-2
merah,-3
nyali besar,-2
nekat,-4
njir,-3
dipaksa,-4
pembaiatan,-3
satria,-1
masak,-2
labil,-4
goreng,-2
antipati,-3
kontradiksi,-3
apalah,-2
ditinggal,-4
temenin,-3
kerumitan,-5
khilaf,-4
nihh,-3
selidik,-3
mewajibkan,-2
lagian,-3
negasi,-2
meh,-5
kota,-1
varian,-2
semi,-2
memperkeruh,-4
mencolong,-5
kekusutan,-4
rudapaksa,-4
telaah,-2
keruwetan,-4
sedihnya,-5
teledor,-5
hatiku,-2
kot,-1
terserah,-3
terlanjur,-3
cakep,-1
tergeleng-geleng,-3
sepertinya,-2
kagak,-3
tercengang,-2
permenungan,-3
cengang,-3
mencinta,-1
menyesal,-4
lumayan,-2
matanya,-2
berduka,-5
atraktif,-2
pamer,-3
pucat,-4
terpesona,-1
banjir,-4
takjub,-1
terpana,-2
bah,-3
terkesima,-1
menakjubkan,-1
memukau,-1
impas,-3
menakjubi,-1
bandang,-4
terpukau,-1
tiada,-5
rasisme,-5
memesonakan,-1
sirik,-5
mengherankan,-3
bersesal,-4
gapernah,-3
rapi,-2
bertanya-tanya,-3
penasaran,-3
tulus hati,-1
beton,-2
menunggui,-3
umpan,-3
cadas,-3
lembek,-4
hih,-4
menutup,-3
korban,-4
kurban,-3
sikit,-3
mengawal,-2
peduli,-1
bongkah,-2
bodoamat,-4
rela,-3
dengkik,-4
takda,-2
obat,-3
tetua,-2
error,-5
anugerah,-1
dongeng,-1
jir,-3
batas (waktu),-3
impoten,-5
kiri,-3
perih,-4
babi,-4
habitat,-2
kenang-kenangan,-2
reka,-2
memejahijaukan,-4
persembahan,-2
penangguhan,-2
penyudah,-2
gebetan,-2
jutek,-5
ajal,-4
pengakuan,-3
gerombolan,-4
ora,-3
gatel,-3
ketajaman,-2
mencuru,-3
nongol,-2
barzakh,-4
menyidangkan,-3
pantes,-3
ngalah,-3
pejabat,-3
keganjilan,-4
ketidaktentuan,-5
menjaraki,-3
sad,-4
comeback,-2
udahan,-4
ugh,-4
acuh tak acuh,-3
next,-2
penutup,-3
menjenguk,-4
cuek,-5
sangkut-paut,-4
sayup,-3
ish,-4
doh,-4
pantat,-3
tebal telinga,-3
keanehan,-4
mengorek-ngorek,-4
diet,-3
syedih,-5
lugu,-2
interaksi,-2
berhala,-4
kesudahan,-3
iih,-5
tai,-5
kemaknagandaan,-3
masa bodoh,-4
final,-2
dimarahin,-5
nyuruh,-3
dibales,-3
persangkutan,-4
kampret,-5
beristirahat,-2
jin,-3
mikirin,-3
murtad,-5
mogok,-5
setan,-4
nyebut,-3
piye,-3
gusur,-5
drastis,-4
memojokkan,-4
mencengangkan,-3
penunggu,-2
demon,-3
durhaka,-5
super,-2
kesal,-5
iblis,-4
baperan,-4
ngikutin,-2
sebentar,-2
mengerikan,-4
hantu,-4
makhluk halus,-4
got,-3
diam,-3
bunuh,-5
siluman,-5
tumpahan hati,-3
momok,-4
berantem,-4
mangkas,-2
belain,-2
sundal bolong,-5
nahan,-3
sian,-3
jahil,-4
singgah,-2
bersekongkol,-4
life,-2
bidah,-3
menantang,-4
berselingkuh,-5
bergetar,-3
bohong,-5
classy,-2
peristiwa,-2
melumatkan,-4
insiden,-4
oon,-5
orok,-3
selingkuh,-5
nungguin,-2
bijih,-3
pelosot,-3
meremukkan,-4
keburu,-3
gadai,-3
meruntuhkan,-4
anjing,-4
naena,-2
jabang bayi,-3
membinasakan,-5
berdalih,-4
why,-2
modus,-3
waduh,-3
cuti,-2
bobrok,-5
tidurin,-2
cariin,-2
mengandut,-3
berdengung,-3
bakar,-3
mengganyang,-4
merusakkan,-4
menyelusur,-3
berkonspirasi,-4
kurus,-3
berantak,-4
bully,-5
berkomplot,-4
kejadian,-2
ngomongin,-3
stalk,-4
meruntuh,-4
jeriji,-4
memasuki,-3
sange,-5
berkongkalikong,-4
serong,-4
makian,-5
cemong,-4
kerasan,-2
kekurangan,-3
lilit,-3
hinaan,-5
penghinaan,-5
kurung,-3
mengecilkan,-3
cemooh,-5
malu,-4
mengumpat,-4
terabai,-3
mencemooh,-5
merem,-2
lock,-2
melecehkan,-5
kelemahan,-4
kejelekan,-5
ngilang,-3
berkerak,-2
kedaifan,-3
kehinaan keaiban,-4
kontras,-3
mengejek,-4
perang,-3
perundungan,-4
marahin,-4
berkelakar,-4
menyakiti,-5
penyepelean,-4
pait,-4
ngertiin,-3
kecabulan,-5
menjijikkan,-5
tuak,-3
tauu,-3
perbedaan,-2
terhina direndahkan,-3
menista,-4
memburukkan,-5
kroco,-4
mencela,-5
menyindir,-4
kebusukan,-5
kumuh,-4
terpalit-palit,-3
tersinggung,-5
terbesit,-2
bercengkerama,-2
bercumbu-cumbu,-3
cemeeh,-4
sekadar,-3
bernoda,-4
kebejatan,-5
mencibir,-5
terbiar,-3
rasa malu,-4
berolok-olok,-4
disakiti,-5
membenci,-5
berulah,-4
kekejian,-5
menggampangkan,-3
gausa,-3
kebobrokan,-4
nyebelin,-4
bermain-main,-2
bercumbuan,-3
cercaan,-4
mendaifkan,-4
ldr,-2
menangis,-5
genit,-3
mengerik,-3
lemes,-3
jahad,-4
taraf,-2
monyet,-3
astaghfirullah,-3
keletihan,-3
ketiduran,-3
gapaham,-4
capek,-4
kelamaan,-4
punah,-4
lesu,-4
ketinggalan,-3
apasi,-3
mampus,-5
keramat,-3
campur aduk,-2
ricuh,-4
soms,-4
stress,-5
kemayu,-3
mencangkum,-3
berlama-lama,-2
diginiin,-3
sihh,-2
yakali,-3
sakral,-2
ngenes,-4
bertendensi,-3
kalut,-3
mati,-5
lenguh,-4
jahanam,-5
gangerti,-3
gegara,-3
godain,-3
idiot,-5
ambigu,-3
utang,-4
sialan,-5
centil,-3
bacot,-4
mls,-4
kesunyian,-3
kebalik,-3
amoral,-3
membekas,-3
anti,-2
gabole,-2
simpanan,-3
ganggu,-4
sentimen,-3
berperang,-4
santunan,-2
kerelaan,-2
mulut,-1
boro,-2
kasam,-3
kepencet,-2
bantet,-3
sin,-1
kesumat,-4
bokek,-5
muncikari,-5
menipis,-3
asusila,-5
stop,-3
menciut,-3
bengkak hati,-3
kekosongan,-3
dendam,-5
gaenak,-3
susahnya,-3
mucikari,-5
maapkan,-3
vulgar,-3
ndut,-4
menurun,-3
kehilangan,-4
kecoa,-3
pokonya,-2
gituan,-3
ratapan,-3
kesepian,-4
pesan,-3
bergelanggang,-3
bersalah,-4
kampit,-1
menunggunya,-2
mendengu,-3
gaje,-3
sakitnya,-4
kesenjangan,-4
cedih,-3
menjauhkan,-4
jijik,-5
putus,-5
nyakitin,-5
ngadu,-3
najis,-4
kzl,-5
ego,-3
geli,-2
memaklumi,-2
kambing,-3
diblock,-4
crash,-4
menyampah,-4
maruk,-3
perangsang,-3
abaikan,-2
ninggalin,-4
otaknya,-2
mengerti,-2
renggang,-3
tewas,-5
amarah,-5
meradang,-4
melek,-2
kenal,-2
buangan,-4
nyangka,-3
dilupain,-4
kebo,-4
nyasar,-4
terungkap,-3
bocor,-4
terekspos,-4
mengusai,-2
pensiun,-3
dibully,-5
kontol,-5
mimpiin,-2
susila,-2
begadang,-3
eks,-3
mudarat,-5
delete,-3
cerewet,-5
berahi,-5
patah,-4
jerawat,-3
bawel,-4
pudar,-3
teganya,-4
menghilang,-3
hamburan,-3
rongsokan,-3
gairah,-2
mengasihi,-2
mencret,-4
mamam,-3
iluminasi,-3
selingkuhan,-5
jones,-3
banyak bicara,-3
hapus,-3
mantan,-3
iseng,-3
zakar,-3
air liur,-2
berengsek,-5
laporin,-3
pelecehan,-5
berenti,-3
syahwat,-2
tinggikan,-2
penat,-2
nyinyir,-4
bercerai-berai,-5
igau,-3
kenapasih,-3
nyesek,-4
rahasia,-2
anjay,-3
penyumbat,-3
letih,-3
ucek,-3
lelah,-3
gila,-5
tamat,-4
tersingkap,-3
konco,-3
balesnya,-2
pantesan,-2
erotis,-4
curi,-5
beperkara,-4
kutuk,-5
hilang ingatan,-4
anjuran,-2
bersitegang,-4
buah bibir,-2
teriak,-2
cegah,-2
mengerem,-2
tiri,-2
kerut merut,-3
rabies,-4
serapah,-4
berdiam,-3
menangkap,-3
emosi,-4
teriakan,-4
mengutil,-4
keteledoran,-4
menjarah,-4
menjarak,-3
paksa,-4
relung,-2
heula,-2
atut,-2
perpegangan,-2
congkel,-4
keinget,-2
sumpah,-3
membanding,-3
gempal,-2
menghambat,-3
menyakitkan,-4
asam,-2
mengaur,-3
traumatis,-4
pingsan,-3
latihan,-2
mengekang,-4
mencomot,-4
tembak-menembak,-5
ngamen,-3
tenggelem,-3
genangan,-2
menderita,-5
kasihan,-3
nyamuk,-1
berkeras hati,-3
dibuang,-3
bertunas,-2
bad,-4
menanggung,-2
gatal,-3
seram,-4
jleb,-3
mengotot,-4
pemisah,-3
idih,-3
memperbandingkan,-3
badung,-4
blokir,-3
perkutut,-3
ngeri,-4
egois,-5
kubang,-3
abg,-2
meninggi,-2
hama,-3
hambat,-4
digituin,-2
nyariin,-2
ngarep,-2
ngeluh,-4
sisa,-4
dimakan,-2
menggelapkan,-4
bolong,-3
awal,-2
merinding,-3
rinding,-3
tembam,-4
tersentuh,-2
kontaminasi,-4
hate,-5
dalem,-2
salahku,-4
kelembaman,-3
tempik,-4
tendang,-3
penghabisan,-3
desah,-3
cuekin,-3
pikun,-4
kelu,-3
tinggalkan,-3
miris,-4
primitif,-4
typonya,-3
berburu,-3
merampok,-5
ringkus,-5
membesar,-2
diketawain,-4
nyeri,-4
hack,-4
terminasi,-3
sedih,-5
henti,-4
melupai diri,-3
pengeluaran,-3
dikangenin,-2
gapuk,-3
membendung,-3
nyerah,-3
merebut,-3
edan,-3
jerit,-3
merampas,-4
nabrak,-4
menilap,-4
pekik,-5
ngiler,-3
maghrib,-2
mencatut,-3
sebab,-2
mencaplok,-3
rindunya,-2
meramalkan,-2
ingetin,-2
menggemparkan,-2
membopong,-3
seksi,-3
addict,-3
fail,-5
endus,-3
pendek,-2
kepindahan,-3
duet,-2
guram,-2
diusir,-4
tekanan mental,-4
menghirukkan,-4
mewek,-5
trauma,-5
unmood,-3
membekap,-3
ngerasain,-2
ejekan,-4
bajak,-4
memusingkan,-4
week,-4
menggodai,-3
gajih,-2
ketinggian,-2
bermohon,-2
bolos,-3
hiruk-pikuk,-3
pengguguran,-3
olok-olok,-5
terperengah,-3
mantannya,-3
mengumbar,-3
krg,-2
berkabut,-3
layuh,-3
kelainan,-4
unfollow,-2
risiko,-3
kedinginan,-3
ancaman,-4
batuk,-4
sembarangan,-4
ngadepin,-2
dalang,-3
menggegerkan,-3
mengacau,-4
pinggul,-3
tumben,-2
kurusuhan,-4
sindiran,-3
redup,-3
kentut,-2
mainin,-2
musuhan,-4
qada,-2
gabakal,-4
abu-abu,-2
hoax,-5
emergensi,-4
seenaknya,-4
muak,-5
mual,-5
memburu,-4
acak-acakan,-5
close,-2
menegur,-3
menyusahkan,-5
meributkan,-4
tbc,-3
shy,-3
mencemaskan,-3
paranormal,-2
merecoki,-3
demo,-3
lost,-3
gangguin,-3
melankolis,-2
kabut,-2
kabur,-2
protes,-3
melupakanmu,-3
mengusili,-3
jealous,-3
ketularan,-4
grogi,-4
keburukan,-5
batuk kering,-3
berpasrah,-2
tauk,-3
mengganggu,-4
tersengal-sengal,-4
kejut,-3
gelegak,-3
malapateka,-3
debar,-3
menghebohkan,-3
membolos,-3
kegedean,-2
muram,-4
sotoy,-4
ampuni,-2
derai,-3
nyalahin,-4
mafia,-5
sesambat,-3
benci,-5
enek,-4
gaakan,-2
keterlaluan,-5
penutupan,-2
terkapah-kapah,-2
kecelakaan,-5
menjahili,-3
menggerecoki,-4
kolera,-4
ganjal,-3
guncangan,-2
tandanya,-2
sogok,-4
penyimpangan,-4
bhay,-3
bersimbah,-3
saum,-2
cacing karawit,-3
ringkas,-2
yalord,-2
cemeti dewa,-2
nyesal,-4
narkotika,-4
syedi,-4
standar,-2
bangett,-2
beud,-2
gagah,-1
cabean,-3
tiduran,-2
menyunu,-2
senengnya,-1
kuyup,-3
mengalami,-3
berkelir,-3
berhati-hati,-2
menata,-2
gundik,-2
terluka,-5
belia,-2
albumnya,-2
comel,-1
kesibukan,-3
mengasuh,-2
alah,-4
hadeh,-4
seenak,-4
udeh,-3
tergeluncur,-3
remaja,-2
akuan,-3
image,-2
bawain,-3
puasa,-2
berkerut,-2
cacing jantung,-4
cacing ginjal,-4
brutal,-5
hamster,-3
diajarin,-3
luda,-3
giniin,-2
menyuap,-3
tetiba,-3
beginian,-3
menebat,-3
menebak,-2
amatin,-2
diliatin,-3
kemiripan,-2
cacing gilig,-4
memperapikan,-2
senonoh,-5
garuk,-3
bisain,-2
timang,-1
insane,-4
sambel,-2
gjd,-3
kemaluan,-3
kualat,-4
terselulur,-2
penyakit,-4
memangnya,-2
gersang,-3
ditolak,-4
menjilat-jilat,-2
jahatin,-3
cacing hati,-2
babu,-5
mengabaikan,-3
menyedihkan,-4
menimpa,-3
guncang,-3
kontroversi,-4
mblo,-3
bagaimana pun,-2
gakuat,-3
poor,-4
mata-mata,-3
kenapaaa,-3
pikulan,-2
lau,-2
tergelicik,-3
menjilat,-3
selir,-4
yaoi,-5
ngidam,-2
napsu,-3
zalim,-5
tergelingsir,-3
bau kencur,-4
alergi,-3
kodok,-2
drop,-3
sedikit-dikitnya,-3
xx,-1
belikan,-1
menyundut,-3
pengangguran,-4
pataka,-3
menyepelekan,-4
berkurang,-3
siapanya,-2
mahh,-3
gamungkin,-3
matiin,-2
perbantahan,-3
nape,-3
selagi,-2
lagak,-2
cacing gila,-4
eek,-5
malesin,-4
anak bawang,-2
dinistain,-4
yahhh,-3
meloloh,-3
persekongkolan,-3
bokep,-5
jahatnya,-4
seksologis,-2
claim,-3
candu,-3
mumpung,-3
cemberut,-4
lepek,-4
jangann,-3
gilak,-4
tergulir,-3
boros,-5
pengganti,-3
berair,-1
jujur,-1
akumah,-3
goodbye,-3
meski,-2
meskipun,-2
semena,-3
memanas-manasi,-3
curcol,-3
merajam,-5
kenyataannya,-2
keparat,-5
linggis,-4
menghanguskan,-3
kepleset,-4
badmood,-4
die,-4
malak,-4
indikasi,-2
kesiannya,-4
denyut,-2
terpeleset,-4
terselusur,-3
ihhhh,-3
bobroq,-4
tuyul,-4
meremehkan,-5
digantung,-3
ketaatan,-1
intrik,-3
pdhal,-2
kerat,-1
raiso,-3
excited,-1
terguling,-3
ketewasan,-3
dibalik,-3
gangsar,-3
berkemas-kemas,-2
mencari,-3
menyusut,-2
becek,-4
yaudh,-3
jaat,-3
luluh,-3
tersohor,-1
rentan,-4
iyasih,-2
rusak binasa,-4
menyebelahkan,-5
anjer,-3
alat vital,-2
gibah,-3
aurat,-2
rasain,-3
alat kelamin,-3
perkomplotan,-4
alangkah,-2
pgen,-1
kutu busuk,-4
makelar,-3
manuver,-3
getir,-4
memek,-5
kalah,-4
tekanan,-3
mengawasi,-2
ngesot,-2
mengidamkan,-2
sudahlah,-3
mengesampingkan,-4
tergelecik,-4
dilarang,-3
mainstream,-3
iyak,-2
pahit,-3
cacing tambang,-2
seperti,-1
bertolak,-2
bini gelap,-5
nyolong,-4
perebutan,-3
ulah,-3
mengompori,-4
yaahh,-3
jangankan,-3
lieur,-3
kena,-3
menghempaskan,-4
mengharap,-3
dahh,-3
karin,-2
gblk,-4
tembakau,-3
kerjain,-3
suspend,-3
mayat,-4
eksplisit,-2
buah simalakama,-3
biarkan,-3
salah langkah,-3
mumet,-4
debu,-3
itunya,-2
melipur,-3
lap kaki,-2
pedes,-2
jera,-3
begak,-3
tercela,-4
alone,-3
muntahan,-4
bercelah,-3
menghisap,-1
segitunya,-3
dingin,-2
membidikkan,-2
stalking,-4
naudzubillah,-5
keling,-3
susuk,-4
kencing,-3
awan kelabu,-3
gemuruh,-3
fresh,-2
semata-mata,-2
ngeden,-2
sensi,-4
menjambret,-5
bermutu,-1
jauhin,-3
rupawan,-1
lucunya,-2
kejedot,-4
sukar,-4
umpatan,-4
tersangkut,-3
nyontek,-5
teguran,-3
rombak,-2
kecemerlangan,-1
tersiksa,-5
dibeliin,-1
sedihhh,-5
bersedih,-5
bongkar,-3
ngarti,-3
mencucut,-3
hutang,-5
gbs,-2
disalahin,-3
incess,-3
kabeh,-2
irit,-2
kabar angin,-3
angkot,-1
problem,-4
yampun,-3
kesurupan,-5
komat-kamit,-3
manis,-2
teror,-5
pundung,-4
jadul,-3
tersungkap,-3
lengket,-2
injek,-3
melarat,-4
tanah tandus,-3
dobrak,-4
menyayat,-4
kesedihan,-5
meretek,-3
coplok,-3
mengempaskan,-3
terror,-5
menyandingkan,-2
ketakutan,-4
kejepit,-4
muskil,-2
aahh,-3
kedukaan,-4
kurungan,-4
memungut,-2
astagfirulloh,-4
peles,-1
muntah,-3
rapet,-2
kedaluwarsa,-3
kocak,-2
eror,-4
kenceng,-2
sehat,-1
melar,-2
death,-3
inkarnasi,-1
menghidu,-1
geledek,-2
terpacul,-4
pembesar,-2
menembok,-1
najisin,-4
jiji,-4
yaudahlah,-3
nusuk,-3
jigong,-4
dahlah,-3
uler,-3
lebay,-4
menggelikan,-3
kerasukan,-5
berseteru,-4
emmm,-2
keladi,-3
lengket-lengket,-3
idk,-3
politik,-1
geledah,-3
ngelupain,-4
ngespam,-3
potongan,-2
menenangkan,-1
kepanikan,-4
ngilu,-4
tilam,-4
bencong,-5
pusink,-3
fitnah,-5
sesak,-3
harmonis,-1
bedah,-3
jatah,-1
berlutut,-2
menunggangkan,-1
menusuk,-4
pecat,-5
kumat,-4
better,-1
keceriaan,-1
menyodok,-3
sotau,-4
pitnah,-3
yelah,-3
diduain,-3
nyet,-4
pendek tali,-4
gemetar,-3
bau,-4
pojok,-3
ngomel,-4
numpuk,-3
hambar,-3
down,-3
mesiu,-1
neraka,-5
nganggur,-3
penertiban,-2
blur,-4
terlangah,-3
mupeng,-2
biadab,-5
berlangau,-4
bertekuk lutut,-3
guntur,-3
delay,-3
bangsat,-5
keretakan,-4
mengap,-3
sendirian,-3
sahara,-2
mencair,-1
belaka,-1
menggigil,-4
masalah,-4
bertumpuk,-4
menyogok,-5
binasa,-5
mencelampakkan,-3
mencuri,-5
berkecamuk,-4
cucok,-1
diancurin,-3
tersapu,-3
kapok,-3
gabaik,-3
mencocok,-3
bercekak,-3
bogum,-3
majikan,-3
menyukai,-1
igauan,-3
stres,-4
bualan,-4
menghempas,-4
dipamerin,-3
teraniaya,-4
absurd,-2
yg dipertuan,-3
beling,-1
kesucian,-1
cubit,-3
bobol,-4
lebai,-3
pipis,-2
lirih,-3
rewel,-4
nestapa,-3
amit,-4
nyampah,-4
depresi,-4
dukacita,-3
hembus,-3
boker,-3
rokok,-3
membanjiri,-3
berdarah dingin,-4
manjaan,-3
merogoh,-3
merogok,-3
ditidurin,-4
copot,-3
rosak,-3
terhalang,-3
santet,-5
bergejolak,-3
dilema,-3
apek,-4
gabutuh,-3
sembur,-3
kejam,-4
rontok,-3
menyerah,-4
kesenduan,-2
elegan,-1
penjelmaan,-3
konsekuensi,-3
lapang hati,-1
pajak,-3
yodah,-2
gagal,-4
pasrah,-3
menumbuk,-3
menyisihkan,-2
terajam,-4
tkde,-1
berseberangan,-3
banyol,-3
ria,-3
kesayuan,-2
bermusuhan,-4
pelosok,-3
anjeng,-5
pending,-3
cry,-3
mules,-4
berketar-ketar,-3
keprihatinan,-3
mustahil,-2
komplikasi,-3
persoalan,-3
isukan,-1
anjis,-1
melet,-3
taik,-5
buta hati,-4
kantong tipis,-4
darah,-1
hilaf,-4
ex,-1
anjg,-5
ngeles,-3
godaan,-3
murung,-4
jutekin,-5
merasuk,-3
berkelok-kelok,-2
huhuu,-4
belenggu,-3
merebak,-3
meledak,-4
hayoloh,-3
bisikan,-2
melembung,-3
mengecerkan,-2
bagal,-3
anjlok,-4
haters,-5
gosah,-3
bandar,-4
berdosa,-4
gonggongan (anjing),-3
kgk,-3
nyiksa,-4
maho,-4
compeng,-4
ciplak,-3
mengalah,-2
cabul,-5
berkurangan,-3
gelagap,-2
pengganggu,-4
nyali,-3
biang keladi,-4
gembul,-3
betina,-2
konyol,-3
cengeng,-4
beraduk,-3
ngancem,-4
menggores,-3
elak,-3
mengganjari,-3
murahan,-4
pedofil,-5
sebarang,-2
ngetawain,-4
ragu,-3
gone,-2
pedih,-4
sangka,-3
suudzon,-4
pencucuk,-3
golek,-1
pelayan,-2
diare,-4
berlelehan,-3
berbakat,-1
berat telinga,-3
mengada,-3
mendingan,-3
ugal-ugalan,-2
ngestalk,-4
curiga,-4
begitu saja,-2
bersatu,-1
memeluk,-1
faedahnya,-1
petaka,-4
masygul,-2
jatohnya,-1
kasih,-1
terpelecok,-3
benguk,-2
semangatin,-1
ringkih,-4
liat,-1
timpa,-3
rasuk,-3
sunu,-2
hati,-2
tunggang,-1
kata,-1
guling,-3
turun,-3
singkir,-5
damprat,-4
ingkar,-4
aur,-3
adang,-3
keroyok,-4
rem,-5
siapa,-2
jelek,-5
rusak,-4
pesona,-1
pencet,-2
perkara,-4
anggur,-4
darah dingin,-4
remuk,-4
mahir,-1
tangkap tangan,-4
kabung,-5
pasuk,-3
khianat,-4
kutil,-4
dapat,-2
kelakar,-4
renti,-3
cecer,-3
poko,-2
belah,-5
nang,-5
usil,-3
usir,-4
amuk,-5
hidu,-1
bain,-2
buang nyawa,-5
pukau,-1
sapu,-3
otot,-4
cela,-4
sayang,-3
jahat,-4
remeh,-5
mudah,-1
neng,-1
mula,-3
palit,-3
keluar,-3
tamat riwayat,-3
selusur,-3
aku,-1
hilang,-4
bom,-1
celampak,-3
kerubung,-3
bangan,-3
sentuh asa,-1
cengkerama,-2
tau,-4
curat,-1
enak,-4
gubris,-2
masuk,-3
kayak,-3
buruk,-5
api,-2
caplok,-3
pihak,-3
apa,-3
cebik,-3
kesi,-3
anda,-1
ekspos,-4
lutut,-2
suara,-1
dalih,-4
apas,-3
hilang ingat,-4
desir,-2
hendak,-1
kusut,-4
menung,-3
wara,-3
keruh,-4
gampang,-3
sengal,-4
kerumit,-5
tugas,-1
salah,-4
sekongkol,-4
ancam,-4
nyata,-2
ganggu jiwa,-4
kerut,-2
heran,-3
jatuh,-3
jalan bebas hambat,-1
uar,-3
sanding,-2
tantang,-4
dengu,-3
loloh,-3
geger,-3
mungkin,-1
gede,-2
sir,-2
peleset,-4
banding,-3
kecil,-3
tumpu,-3
jepit,-4
gulir,-3
panik,-4
malang,-5
leceh,-5
mau,-1
gantung,-3
tekuk lutut,-3
surat takdir,-3
prasangka,-3
lama,-4
suci,-1
lesit,-1
rebak,-3
satu,-1
susah,-3
balik,-3
lancar,-2
kobar,-2
tunggu,-2
ikut,-3
kompor,-4
celah,-3
junjung,-2
bopong,-3
aduk,-3
gelicik,-3
mutu,-1
tangkis,-3
itu,-2
lumat,-4
henti tugas,-2
jambret,-5
jelma,-3
maklum,-2
muram durja,-5
main,-2
empas,-3
bual,-4
ratap,-3
gaco,-2
sayat,-4
kagum,-1
ingat,-3
dah,-3
putih tulang,-2
lorot,-4
pisah,-3
sodok,-3
cibir,-5
meni,-2
lanjur,-3
lupa diri,-3
lucu,-2
sohor,-1
perenyak,-4
tanda,-2
batu,-2
simpan,-3
keri,-4
heboh,-3
pergok,-5
erti,-2
ketar,-3
samping,-4
ringan,-1
cocok,-3
album,-2
tinggal,-3
tagih,-3
nyala,-2
sidang,-3
mata,-2
lain,-4
cetus,-1
sampah,-4
rampas,-4
keras hati,-3
sanggama,-2
rogoh,-3
tenang,-1
rogok,-3
buang,-3
prediksi,-1
asa,-2
cari,-3
diri,-1
umur,-2
duga,-1
cair,-1
recok,-3
isu,-1
galak panas,-3
sungkap,-3
ecer,-2
mungut,-2
tumpah hati,-3
rang,-3
hina rendah,-3
gugur,-3
pacul,-4
baiat,-3
lembung,-3
kapah,-2
gusar,-3
surup,-5
isap jempol,-3
cerca,-4
tata,-2
sisih,-2
sial,-5
gentar,-4
sangkut,-4
susah hati,-5
alam,-1
tumbuk,-3
pengaruh,-2
halang,-3
rusuh,-4
tilap,-4
cangkum,-3
onar,-5
panggil,-1
rundung,-4
jilat,-3
tanggung,-2
ana,-3
rugi,-5
gempar,-2
gerombol,-4
colong,-5
tertib,-2
tuntun,-2
hukum,-3
idam,-2
gelingsir,-3
soal,-1
catut,-3
suka,-1
cumbu,-3
gonggong anjing,-3
kaya,-2
kandut,-3
rantai,-3
keji,-5
tebak,-2
tumpuk,-4
rajam,-5
sendiri,-3
pelanting,-3
tinggi,-2
tebat,-3
kemas,-2
asuh,-2
ceria,-1
kecamuk,-4
bejat,-5
pegang,-2
tidur,-3
pemuda,-1
larang,-3
rangsang,-3
tembok,-1
menang,-5
baik,-1
gadang,-4
kelok,-2
kenang,-2
ledak,-4
kuat duga,-2
abu,-2
cebur,-5
abai,-3
serang,-4
gores,-3
rongsok,-3
tindik,-3
luka,-5
jangan,-3
bunyi,-1
kerak,-2
bekap,-3
bekas,-3
kesima,-1
pikul,-2
ciut,-3
kereta,-4
santun,-2
habis,-3
layan,-2
sundut,-3
jadi,-2
susut,-2
gelincir,-3
tajam,-2
simpuh,-3
bara,-3
cemas,-3
sunduk,-3
kongkalikong,-4
susup,-2
campak,-4
ganjar,-3
babar,-1
tembak,-5
sembul,-3
ken,-2
tegur,-3
latih,-2
korek,-4
yg tuan,-3
lupa,-3
alir udara,-1
tegun,-3
konspirasi,-4
cinta,-1
tekan mental,-4
ganti,-3
memang,-2
tangkap,-3
tutup mulut,-3
gelanggang,-3
nahas,-2
gigil,-4
ungkap,-3
sambat,-3
tanduk,-2
cekak,-3
lemah,-4
nenes,-2
cekau,-2
ekang,-4
prihatin,-3
besit,-2
jabat,-3
dua,-3
enteng,-2
singgung,-5
taat,-1
busuk,-5
tarik napas habis,-5
semayam,-3
potong,-2
genang,-2
hina aib,-4
gejolak,-3
hiruk,-4
sengaja,-2
takut,-4
geleng,-3
selulur,-2
suap,-3
sembarang,-4
gelesot,-3
kalang tanah,-2
antem,-4
tunas,-2
gelap,-4
menep,-3
umpat,-4
biak,-3
biar,-3
batas waktu,-3
tetes,-3
licin,-2
maki,-5
songsong,-2
tusuk,-4
sungkawa,-3
dunia,-2
faedah,-1
ganyang,-4
gerecok,-4
umbar,-3
telinga merah,-3
sakit ingat,-4
tolak,-4
bandel,-5
sepele,-4
jarah,-4
jarak,-3
suntuk,-4
gelora,-2
aniaya,-4
balas,-3
banting,-3
hayat,-2
daif,-3
lubang,-3
dosa,-4
tarik hati,-1
ejek,-4
jauh,-4
goda,-3
berangan,-3
rampok,-5
lendeh,-3
parah,-5
peranjat,-3
nyanyi,-2
getar,-3
hina,-5
geruh,-4
ada,-3
lalu dr dunia,-5
elu,-2
cucut,-3
retek,-3
kasi,-3
jejal,-3
cucuk,-3
jedot,-4
antisipasi,-1
celaka,-5
patung,-3
sindir,-3
bukan,-3
geliat,-3
mirip,-2
alami,-3
lepas,-2
harap,-3
comot,-4
siksa,-5
acak,-5
sendu,-2
acau,-4
hempas,-4
ganjil,-4
derita,-5
bantah,-3
untung,-1
sudah,-2
hangus,-3
ampas kopi,-2
simbah,-3
leleh,-3
bidik,-2
lari,-2
sentuh,-2
usai,-2
dengung,-3
cemplung,-4
ribut,-4
olok,-4
kelir,-3
buru,-3
geluncur,-3
bakat,-1
musuh,-4
pacar,-3
cemerlang,-1
bisu,-3
kurang,-3
rebut,-3
tendensi,-3
duka,-5
gelecik,-4
balik akal,-4
mari,-1
pelecok,-3
bendung,-3
makan,-1
besar,-2
tular,-4
timbal,-2
teduh,-2
pokok,-3
baca,-1
cedera,-4
maksud,-1
lot,-5
dahulu,-1
sungguh,-1
ubah ingat,-3
anjur,-2
ramal,-2
terka,-1
jaga,-3
ruwet,-4
semangat,-1
beri,-2
mencak,-5
seteru,-4
aneh,-4
lagi,-3
tentang,-2
tutup,-2
lanyak,-3
curu,-3
tekan,-3
nista,-5
sumbat,-3
tumpang tinggal,-4
erik,-3
beri uang,-2
tahan,-2
sembah,-2
ubah akal,-2
tip,-3
tambat hati,-2
ogah,-3
panas,-3
simpang,-4
sunyi,-3
indah,-2
noda,-4
langah,-3
langau,-4
taksir,-1
beda,-2
hambur,-3
tangkap basah,-3
bandung,-1
bahagia,-1
bisik,-2
coret,-1
ngaceng,-5
jihat,-4
mengarau,-4
tubruk,-3
lesap,-3
mentransformasikan,-5
gabung,-5
gasak,-5
maklumat,-3
mengerut,-3
inersia,-4
lebur,-5
senyampang,-4
ayun,-3
hadirin,-3
pantang,-4
porno,-5
berkarut,-5
tingkeb,-3
bayi,-3
empot-empotan,-5
bergulir,-3
lembu liar,-3
kemandang,-3
rantas,-3
sambung,-3
aus,-5
menggulung,-4
moyang,-4
berang,-5
singkil,-4
deru,-3
menumpuk,-3
represi,-4
lunas (kapal,-3
distorsi,-4
risi,-3
semak hati,-5
lintasan,-4
petung,-3
risa,-4
benyot,-4
bromocorah,-5
medok,-3
lencana,-3
ekshibisi,-3
dua kali,-3
mengheningkan,-3
melingkupi,-3
menyegam,-4
mencagil,-4
memampat,-3
mengkaji,-5
gelogok,-3
gapil mulut,-4
penyudahan,-3
selesma,-3
pari-,-3
khafi,-5
melumangkan,-5
beromong kosong,-4
berkecandan,-4
membasmi,-5
memetuahkan,-3
mencegat,-3
pulsa,-3
merancukan,-4
berluruhan,-3
titis,-3
tersantet,-3
unjuk rasa,-3
ketupat bengkulu,-5
tawar,-4
cacatan,-5
titik,-3
ikhtiar,-4
terpelekok,-3
betung,-3
membuang,-4
menjauh,-3
berganda,-3
beranjak,-3
menyulam,-5
bengal,-4
serius,-5
kusut hati,-5
memupus,-5
kaitan,-4
barua,-5
merobek,-4
judes,-4
belembang,-5
betas,-3
madat,-3
sensasi,-5
sandung,-5
catak,-4
interlokusi,-3
rongseng,-4
baya,-4
merinin,-3
tempo,-4
cacing kalung,-4
kemakmuran,-3
tertular,-4
borok,-5
kentara,-3
restan,-3
menoleransi,-3
mencaci,-5
pati,-5
mamah,-4
mendorong,-4
pancakara,-4
mempertenggangkan,-3
hunjam,-4
angkat tangan,-5
sumbang,-4
kehangatan,-4
cekuh,-3
forum,-3
anjing tanah,-5
juang,-3
dering,-3
mentok,-5
jendala,-5
puyeng,-4
kelesa,-4
bertambah,-5
kerdak,-4
menggelabur,-5
penuturan,-3
pemalak,-5
rapat,-3
fasid,-5
celoteh,-4
membalik belakang,-5
berselang,-3
tais,-3
kelasah-kelusuh,-5
orang-orangan,-3
gencet,-5
termuat,-3
membersihkan,-5
mewalakkan,-5
unit,-4
menjaga,-3
anjungan,-3
tahi angin,-4
kerekau,-3
musir,-4
saran,-3
melarang,-3
merangkum,-3
merangkul,-3
orang bunian,-4
merintangi,-4
merangkup,-3
merangkus,-4
mengabdi,-3
bersesak-sesak,-3
membohong,-4
karut,-5
prajurit,-5
suari,-3
obat bedil,-3
sarau,-5
bayu,-4
mengusir,-4
miliun,-5
berhelat,-4
lisong,-3
selekeh,-5
mengantongi,-5
bertara,-3
runcing,-4
disparitas,-4
perlawanan,-5
gelongsor,-4
tesis,-3
relai,-5
berlik,-4
naik pitam,-4
tulup,-3
pembohong,-4
bertandang,-4
beribadat,-3
vibrasi,-3
menjerkah,-5
fakir,-5
kode,-3
cencala,-5
kerusuhan,-5
genitalia,-3
sigar,-3
pengungkit,-3
fadihat,-5
indehoi,-3
ta,-3
akik,-3
jamah,-5
sewot,-5
bolsak,-4
mendusta,-4
mendustai,-3
urung,-5
kasiku,-4
penyadaran,-3
cirit,-5
menjolok,-3
penting,-4
apkiran,-4
memenuhi,-3
hubungan singkat,-4
adiktif,-4
menyingkap,-4
lubuk,-3
meredup,-3
lelucon,-4
umbul-umbul,-3
pautan,-4
menyangkak hati,-4
kadam,-3
turut,-3
hot,-4
jalan lingkar,-4
penerangan,-3
menguji,-5
coreng moreng,-4
iri hati,-5
setia,-4
kurang darah,-4
makmum,-3
deriji,-4
terburu,-3
sedu,-5
cunam,-3
kekeramatan,-5
bermukah,-4
sampean,-4
jendera,-4
menggelabu,-4
bedol,-4
pemakai bahasa,-3
arca,-3
sistem,-4
buang-buang air,-5
menyiasat,-3
lecet,-4
walang hati,-5
pemburu,-5
dampratan,-5
bersenda gurau,-4
bertala-tala,-3
tegal,-4
pengumpil,-3
bersinggungan,-3
menduri,-4
berbantahan,-3
bahasa,-4
gugup,-5
gugus,-4
bercikun-cikun,-5
merorod,-4
(tua) uzur,-3
rompes,-4
kepalang,-3
ulam-ulam,-5
pandemi,-5
atribut,-3
deskripsi,-4
geblek,-5
bungsu,-3
menyembunyikan,-3
beranggar lidah,-3
londang,-3
terbakar,-5
mengesel,-5
kerabit,-3
keluarga,-3
berangsang,-5
hilang akal,-5
berkecenderungan,-3
junior,-4
penjara,-4
menyesak,-4
banyak cakap,-4
antitesis,-3
mengotori,-5
bercucuran,-5
mengelih,-4
penanggung,-4
barut,-3
mengelis,-3
pipitan,-3
intiha,-3
tenggalam,-3
menyesar,-3
menyesap,-3
sayap,-4
pelak,-3
cemomot,-4
bebal,-3
antuk,-4
lantaran,-4
satelit,-3
berangsur,-3
danyang,-4
seleweng,-5
mendangkung,-3
soak,-5
menghujat,-4
berombongan,-4
caing,-3
sorak,-3
taburan,-3
imbesil,-5
pelir,-5
cukup,-5
kemban,-5
keris,-4
tersumbat,-5
bercekcok,-4
asan tak asan,-5
jual murah,-3
bertengking,-4
bantu,-4
mengonfirmasi,-4
bergundang,-5
pengamitan,-4
memecah,-4
bergairah,-3
cengkeram,-5
menafikan,-4
menyakar,-5
pepet,-5
ketat,-3
cuma,-3
berdompol,-4
mencecak,-3
melumur,-4
melukat,-4
jeli,-3
aborsi,-3
lembu hutan,-3
jalu,-4
puntianak,-5
berbicara,-3
pengacauan,-4
tuju,-4
pinggir,-4
merangsang,-4
menjatuhkan,-4
kerabu,-5
debil,-5
laif,-5
bentul,-3
renyang,-5
berbecak-becak,-3
aji,-3
penabalan,-3
berona,-3
bagian,-4
laik,-5
bundak,-3
narkotik,-3
resan,-5
koyak,-3
anggota,-3
mempersakiti,-5
benjut,-4
terbuni,-5
penyangkal,-4
coleng,-4
terpangah,-4
tindih,-4
(olahraga) bokser,-5
sano,-4
keset,-4
bening,-4
hemat,-3
lebar mulut,-4
ambles,-4
konglomerasi,-4
prapendapat,-3
generasi,-3
menunjang,-3
memapas,-5
abses,-4
berhandai-handai,-3
jawatan,-3
geriap,-4
bersara,-3
absen,-3
serampu,-3
candala,-5
batel,-4
tumpat,-4
berjejak,-3
degil,-5
masyhur,-5
dangkar,-4
talak,-3
kedengkian,-5
berbahaya,-4
mengguguk,-5
inisiator,-4
harus,-5
pergi,-3
menggiatkan,-4
cucup,-3
menebeng,-3
kepala angin,-3
berasal,-3
berasak,-3
padang luas,-3
menyelundupi,-3
menganugerahi,-3
kusut pikiran,-4
galas,-4
temporer,-4
kocar-kacir,-5
sambungan jiwa,-3
degub,-3
desak,-4
laknat,-5
pikiran tumpul,-3
bergema,-4
siratan,-3
epidemi,-5
minta,-3
bacok,-4
kepialu,-4
kesepakatan,-4
desau,-3
jenewer,-4
mencium,-3
mengernai,-4
merekomendasi,-3
nistaan,-5
berkemandang,-3
separuh,-3
keloyoan,-3
gerah,-5
menyekar,-4
rusuk,-4
cangkul,-4
tertangguh,-3
trek,-3
minum,-3
beringat,-3
hingar,-5
wreda,-4
petus,-3
loksek,-4
mencemari,-4
mencopet,-5
daing,-4
kongkong,-3
sara bara,-5
rapun,-5
eban,-4
tuhmah,-3
perit,-4
merasuk hati,-3
minus,-3
erotan,-4
se-sat pusat,-4
menyikut,-5
khalifatullah,-4
desersi,-3
penobatan,-3
setengah,-3
direksi,-3
kecap,-4
pamflet,-3
tercampak,-5
kebimbangan,-4
pangkur,-4
bablas,-5
somplak,-4
memamah,-4
doi,-3
iming-iming,-3
kembang-kempis,-4
menyabet,-5
kegegeran,-3
menyeterui,-5
merumung,-3
mengembat,-5
menjual,-5
derek,-5
mata betung,-3
hasud,-5
koteng,-3
hulu,-3
kesukaran,-4
pembantah,-4
meninggalkan,-4
semuanya,-3
patah pucuk,-5
ketupat bangkahulu,-5
gedang,-4
sitoplasma,-5
pengumuman,-3
terbenam,-5
kesenyapan,-4
puisi,-3
penggelapan,-4
telerang,-3
permusuhan,-5
terasing,-5
digresi,-4
penyap,-3
lancip,-4
hoki,-3
celomes,-4
implementasi,-4
semrawut,-5
atresia,-3
menjejaki,-4
lopak,-4
membahana,-3
mampir,-3
bersurai,-3
gambar,-3
asid,-5
menggoyang,-3
rangkap,-3
lekukan,-3
langsuir,-4
random,-4
menakali,-4
pupus,-5
dukun,-3
mengharubirukan,-4
irsyad,-3
rurut,-5
gelantung,-4
diplomasi,-5
buram,-3
pengintai,-3
menginapkan (jenazah),-3
carik,-5
terpaksa,-4
terbelakang,-3
bertimbal,-3
mencerca,-5
pelana,-3
buras,-4
folder,-5
blangko,-3
badan,-3
tamparan,-3
berpoleng,-3
membekam,-4
tipu muslihat,-5
menyeluk,-3
jungkal,-5
kata-kata,-4
jengkang,-5
stok,-3
jalan arteri,-4
buah,-3
inferioritas,-5
tampak,-3
mencakar,-4
comberan,-4
gaul,-3
bab,-4
menampak,-4
beringas,-4
pada,-3
rudin,-5
memarak,-3
vampir,-5
menggaet,-5
pincang,-4
indolensi,-4
bercakar-cakaran,-4
dekadensi,-5
ambruk,-5
sebagai,-3
rubuh,-5
pawana,-4
radius,-4
kerikil,-3
berambu-rambu,-4
menghalang,-4
cemar,-5
lekat,-3
periksa,-5
lekas,-3
lekap,-3
cemat,-5
bunting,-3
disentri,-5
babak,-4
bertingkat,-4
kemerosotan,-5
atur,-4
gabas,-5
kohor,-3
berlebih-lebih,-4
pertunjuk,-3
suplai,-3
inteligen,-4
gunjingan,-5
artikel,-4
berjubal,-3
menyemir,-5
pongsu,-4
tatah-tatah,-5
anarki,-4
menyelami,-5
mencepung,-5
azab,-5
menegah,-5
menyumpahi,-5
dabih,-3
menyisikan,-4
pinak,-3
cempeng,-4
linguis,-3
perguaman,-4
telimpuh,-3
dangkung,-3
menyurut,-3
mengadili,-4
pita,-4
membual,-4
bijaksana,-4
awa-,-3
bergulat,-4
penyigian,-3
mengagumkan,-5
jambak,-5
cekah,-4
berlanggaran,-4
melunyah,-3
ujar,-4
pemikiran,-3
cepol,-4
lemau,-4
melepas,-5
cekat,-4
simpang-siur,-4
penengah,-3
menjebol,-3
menyetrap,-3
hadir,-3
subversif,-4
menyembarangi,-5
menimang-nimang,-3
balkon,-3
juwita,-4
tersimbah,-5
tersila,-3
tambeng,-5
anyir,-4
penghormatan,-3
berdekus,-3
madani,-4
menganggur,-4
berdikit-dikit,-3
ayat,-4
semprot,-5
reguk,-3
seluruhnya,-3
jelata,-5
berak air,-4
selia,-4
senang,-4
memejalkan,-3
kendati,-3
tunggang gunung,-4
pengasih,-4
gembung,-3
menjodohkan,-3
melindur,-3
tuntut,-3
beredak,-5
semena-mena,-5
kedung,-3
antek,-3
mandiri,-3
bancang,-5
perdata,-3
tertumbuk,-4
tawon,-3
terisolasi,-3
putus akal,-5
ringan lidah,-4
menyerempakkan,-3
terperosok,-5
menebuk,-3
ain,-5
topek,-4
alur,-4
serak,-4
terlengar,-4
aib,-5
frustasi,-3
penyemat,-4
ganggang,-3
bimbingan,-3
mewujudkan,-3
wafat,-5
peniadaan,-3
penolak,-3
geluduk,-3
arsip,-5
upaya,-4
papakerma,-5
istan,-5
buang air besar,-5
tongong,-3
tuntunan,-3
kecapekan,-3
inventori,-3
melabrak,-5
sedikit,-4
khinzir,-4
curna,-5
menghuni,-3
merayapi,-3
oles,-4
mendemonstrasikan,-4
cuka belanda,-5
mengalihkan,-5
berdampingan,-3
menggeletar,-4
kompas,-3
raib,-3
terbongkar,-3
pandir,-5
mengantarai,-3
kelam kabut,-4
bertambun,-3
topo,-5
menyunat,-5
melawat,-4
mengantara,-3
duaja,-3
pegawai pemerintah,-3
rahmat,-3
bergemam,-3
menanggungkan,-5
berandalan,-5
melibas,-4
berselawat,-3
pangsa,-3
pica,-4
meriba,-3
menyengat,-4
kanun,-3
menanggapi,-5
menggugat,-4
berkumandang,-3
boyak,-5
lucah,-5
cekang,-3
gondok,-4
ambai,-5
sangat,-5
gendak,-5
dalalah,-5
kecintaan,-3
bertimpa-timpa,-3
sewal,-5
gosip,-5
mata ikan,-4
muncul,-3
tungku,-4
ambau,-5
pukang,-3
terbang arwah,-4
mengungkapkan,-4
bersentuh,-5
aktif,-3
memanaskan,-4
ruat,-4
membantai,-4
plonga-plongo,-3
keropos,-3
rangkai,-4
bertindak,-4
membantar,-4
ruai,-4
ruak,-4
pagebluk,-5
canggung,-4
tergeliat,-3
lenggana,-4
insentif,-3
merangkam,-4
gegadan,-5
kicauan,-4
mengucur,-3
merangkak,-3
shabu-shabu,-3
banyak mulut,-4
mengorok,-3
percekcokan,-4
laporan,-5
unting,-5
ambiguitas,-5
menyampingkan,-4
bando,-4
mencarak,-3
celetuk,-5
ledekan,-5
arah,-4
pohon,-4
rumor,-5
aram,-3
menimangkan,-3
jelingah,-3
dengus,-3
dengut,-3
berlaga,-4
nasihat,-3
kerawanan,-4
murup,-3
lasat,-5
congor,-3
menegapkan,-3
perlengkapan,-3
sederhana,-5
jentaka,-5
macis,-4
amor,-4
dedak,-3
perosok,-4
jereket,-3
salin,-3
beranak pinak,-3
menggelorakan,-4
menjemukan,-3
sedat,-4
bonggol,-4
sebelah,-4
bersusila,-4
berliku-liku,-4
hidung,-5
bersaba,-3
penyatuan,-4
runtun,-5
meredam,-4
buah hati,-3
mendoa,-3
geser,-5
birokrat,-3
(barang) bekas,-4
memihakkan,-4
elusan,-3
tegar,-4
huni,-3
datang hati,-5
gegabah,-5
instruksi,-3
sadis,-5
bertelingkah,-4
sarak,-3
kandas,-5
berlarian,-5
agama,-3
mendompleng,-3
menitis,-3
berkisar,-3
penghapusan,-3
loakan,-4
dekaden,-5
bukti,-3
berkemih,-3
menabrak,-3
dungkul,-4
sia-sia,-4
kerok,-3
potol,-4
aliansi,-4
riba,-3
luak,-3
hantam,-5
penanda,-3
menjapit,-4
merosok,-3
berkeberatan,-4
ujung tangan,-4
encok,-5
otek,-4
koneksi,-4
mulut rambang,-4
anggara,-4
merecok,-4
penindihan,-4
gili-gili,-3
berurine,-3
pengebat,-3
mendedahkan,-4
armada,-5
terkutuk,-5
memenangi,-5
wan,-4
termasuk,-3
gado-gado,-4
wah,-3
gamang,-3
cantik,-4
merembes,-3
melemah,-3
kesetanan,-3
rakaat,-4
melepaskan,-5
terowongan,-4
vakum,-3
menolak,-4
faring,-5
bergemuruh,-3
ramah,-3
ramai,-5
pelontar,-3
berhanyut,-4
bersanggit,-5
esensial,-4
jajaran genjang,-4
menghabiskan,-4
menampakkan,-4
bercumbu,-4
lalat kerbau,-4
tidak keruan,-3
jaringan,-4
duel,-4
pencegah,-3
curang,-5
lewat batas,-4
tengak,-4
dampak,-3
tengkar,-4
meragukan,-3
layu,-4
balela,-4
memergoki,-5
merua,-4
cacau,-5
inspirasi,-3
beramuk-amukan,-4
setuju,-3
petir,-3
berbelit-belit,-4
lusuh,-5
tersiar,-3
galaba,-5
bertunjangkan,-4
pental,-3
paruh,-3
darurat,-4
geming,-4
hangit,-5
gepok,-5
realisasi,-3
memotivasi,-4
angkatan,-5
serupa,-3
kesentuhan,-3
kungkungan,-3
ajar,-3
luwes,-4
siaran,-3
acoan,-5
pegawai negeri,-3
merundung,-4
parut,-3
panar,-3
oyok,-3
cingangah,-4
bertele-tele,-3
menyerap,-3
hilang pikiran,-4
getol,-3
mengebiri,-3
merapatkan,-3
batil,-4
ketelanjuran,-5
siksaan,-5
setip,-3
kalimantang,-3
salah urat,-3
menempati,-3
bermotif,-3
indo,-3
jeritan,-5
berziarah,-4
adimarga,-4
menyolang,-3
terkelik,-3
berogak-ogak,-4
pusu,-4
arus udara,-4
pencerahan,-3
terpotong,-3
bambu,-3
bendera,-3
empedal,-5
memindahkan,-5
cecunguk,-5
tulah,-3
barkas,-5
bercanda,-4
iring-iringan,-4
datuk,-4
memalak,-4
kumandang,-3
turunan,-3
kacrek,-3
ametis,-4
segi,-4
gembira,-3
menangkap tangan,-5
batalion,-5
berasimilasi,-3
reyot,-3
terjumpa,-4
kemasygulan,-3
beroperasi,-4
bengok,-4
hujung,-3
inklinasi,-3
menasihatkan,-3
mengistimewakan,-3
berpencar,-5
huma,-4
demen,-3
memperolahkan,-4
jalan protokol,-4
menyentak,-5
sakit hati,-3
jeri,-3
gabungan,-5
tertawan,-3
tersisih,-5
membangunkan,-4
depak,-3
bertabrakan,-4
halilintar,-3
cekung,-4
memecatkan,-5
pelet,-3
konkretisasi,-3
gua,-3
menyeramkan,-4
persengketaan,-4
omong,-4
mendalam,-3
motivasi,-3
mengejawantah,-3
berbondong-bondong,-3
menjepit leher,-4
relasi,-4
tebaran,-3
menyerobot,-5
menghamuni,-5
tidak bekerja,-4
jerum,-4
skors,-3
cetera,-4
melesap,-3
tertancap,-3
detektif,-3
lompong,-5
berpucuk,-4
beralasan,-4
memakan,-4
cimeng,-3
baku,-3
kabar,-3
menjotos,-3
rasionalitas,-4
bangsal,-3
meraban,-4
memaling,-5
menular,-4
saya,-3
jilid,-5
bidas,-5
mencerat,-3
bercekit,-4
pembungkus,-3
berderum,-4
goblok,-5
menceluk,-3
cakap,-4
mengirikan,-4
angkat topi,-4
melanggar,-5
memuaskan,-5
berpasuk,-3
percaturan,-3
dengkur,-3
rua,-4
tagar,-3
menumang,-4
terulur lidah,-5
sewenang-wenang,-5
maula,-4
menyeluruhi,-3
ledes,-3
berhamburan,-5
galian,-3
sebaran,-3
nikah,-3
ceku,-5
dengkul,-3
cabut,-5
kemurungan,-5
jalan tol,-4
sementung,-5
miring,-4
tumbang,-5
bondot,-5
undian,-5
pejajaran,-4
menguatkan,-3
peminta-minta,-4
meruok,-5
berkecai,-5
legalitas,-3
memilin,-5
rambang,-5
kaidah,-4
kata-,-4
bucu,-3
mengalahkan,-4
popokan,-4
kencan,-4
germo,-5
cerai,-4
begundal,-3
mengukuhkan,-3
memendek,-3
meruyup,-4
kebat,-3
menggelecik,-3
mendung,-3
liang sanggama,-4
sahabat,-4
gelinjang,-3
kebas,-3
kerja keras,-5
musyawarah,-3
belah ketupat,-4
sawat,-5
terminal,-3
tingkah,-5
membayankan,-4
kantin,-4
bendel,-5
koplo,-3
menyingkirkan,-4
papar,-3
dalil,-3
papak,-3
bernuansa,-3
enyah,-4
merosot,-5
capit,-3
rencana,-4
dewan,-3
menceracau,-3
malas,-4
repot,-5
kemik,-3
fasilitas,-4
bombastis,-3
didik,-3
bencat,-5
terkikis,-3
apiun,-3
lewat,-5
mengkhianati,-5
bedegong,-4
si fulan,-3
iba,-5
calar,-3
flu,-3
beruntun,-3
membawang,-5
ranap,-5
mencagun,-3
biut,-5
tambun,-3
andeka,-3
membanting,-4
dahsyat,-5
mungkir,-5
becus,-4
terzalimi,-5
pelantikan,-3
kisruh,-3
memedi,-4
gas,-4
perwujudan,-3
bapet,-4
intrakalimat,-5
berak,-4
akidah,-3
rayu,-4
imbang,-3
senging,-5
setimbang,-3
mengirik,-3
juragan,-4
mengiris,-4
vital,-4
begu,-4
bertikai pangkai,-4
harap-harap cemas,-3
warita,-4
bawa,-3
mempermudah,-3
merobohkan,-5
besar rabu,-3
surih,-3
apatis,-5
menyemprot,-5
beradu,-4
agen rahasia,-3
arahan,-3
bertanding,-4
atas,-4
data,-3
hasan,-4
otak udang,-5
terdedah,-3
asosiasi,-4
meneguk,-3
natural,-3
loneng,-3
bertuah,-3
menadaburkan,-3
jawaban,-5
merebahkan,-3
lancang mulut,-4
merampang,-4
prinsipil,-4
mengaret,-3
corengmoreng,-4
berkelompok-kelompok,-4
kegelisahan,-4
waduk,-3
koyak-koyak,-5
wajar,-5
inheren,-4
hilang arwah,-4
mengumandang,-4
berlubang,-3
bermetamorfosis,-3
soe,-5
jeringing,-4
ayunan,-3
lucut,-3
empal,-4
berangkat,-4
apes,-5
mansukh,-4
kesulitan,-5
tuli,-3
berguguran,-3
kacek,-4
menghulu,-3
gagar,-3
rayuan,-3
gawat,-5
mengada-ada,-4
menakutkan,-4
berangkal,-3
tertenung,-3
empap,-3
prosedur,-4
bernas,-3
hop,-5
terpendam,-5
syair,-3
penyelewengan,-4
semok,-4
tike,-3
nujum,-4
sabak,-3
memukuli,-4
menyolot,-4
menyelubungi,-3
terbentur,-4
berusaha,-3
bertengkar mulut,-5
lingkar,-3
meligih,-4
ejakulasi,-3
sepak,-3
kelesah,-5
melindap,-3
signifikansi,-4
kepayahan,-3
menyinkronkan,-3
uci-uci,-4
menyerbu,-5
menggerebek,-3
khisit,-5
gugatan,-5
berlipat,-3
menubruk,-3
sarangan,-3
kesambet,-3
sutradara,-3
kelucahan,-5
mengata-ngatai,-5
bertetesan,-3
cacing es,-4
beguk,-4
bongkak,-3
kalor,-4
batu berdahak,-4
gegap,-5
lotong,-4
memperkacaukan,-4
membantu,-4
gemaung,-3
pekak,-3
tertulang,-5
pemberadaban,-3
usaha,-4
mencilok,-3
serpihan,-4
mengutuk,-5
hajar,-5
uang sogok,-3
tanggal,-4
buntung,-5
hajat,-5
pembatalan,-3
jorong,-3
pergabungan,-3
uang pecah,-4
desas-desus,-5
prahara,-3
memantapkan,-3
jalan raya,-4
batuk darah,-4
tempelak,-5
dursila,-5
rebet,-5
menghinap-hinap,-3
pertunjukan perasaan,-3
rebeh,-5
hirap,-3
semau,-3
mendaulat,-5
terhempas,-5
hancur lebur,-5
rumit,-5
disimilaritas,-4
entak,-3
tradisional,-5
tersengut-sengut,-5
meriang,-4
sungkan,-4
angin lalu,-5
bersendikan,-4
nama buruk,-5
dongkol,-4
mengarah,-4
mengonarkan,-4
dalal,-3
rompak,-5
laboratorium,-3
tunduk,-5
banyak omong,-4
someng,-4
mencibirkan,-5
menongkrongi,-3
kuat,-3
mutlak,-3
pemain,-3
dia,-3
menyelang,-5
eroton,-4
endemi,-5
lapuk,-5
rabak,-3
terderita,-4
mengharamkan,-3
pekikan,-5
pengunjukan,-3
kebangunan,-5
perapian,-4
hujat,-5
dengki,-5
jangkang,-5
lap,-5
sumpal,-3
lembeng,-4
kesalahan,-5
imam,-3
sembrono,-5
berjejas,-5
menghalai-balaikan,-4
cikun,-5
bundel,-5
surut,-4
urit,-3
bloon,-3
kubra,-5
hujah,-4
longgok,-3
cempek,-4
khair,-4
tonjok,-5
gering hulu,-4
anut,-3
berkejaran,-3
pering,-3
pengejawantahan,-3
silang,-4
berkasih-kasihan,-3
mencecah,-3
mempersoalkan,-4
merenungkan,-3
perbincangan,-3
tergemap,-3
penyodok,-3
mendindingi,-5
buncit,-3
kerakal,-3
lancang,-5
enggan,-5
mencengkeram,-4
tertinggal,-3
laten,-5
luluh lantak,-5
penodong,-5
sogokan,-4
fiskal,-3
bertekak,-4
perlahan-lahan,-4
onyak-anyik,-4
merembet,-4
fungsionaris,-3
perkembangan,-4
dugal,-5
recehan,-4
dobel,-3
kecemasan,-4
celemotan,-4
tanur,-4
sombong,-3
faktor,-4
anu,-3
persuasi,-3
welas,-3
mangau,-4
ulung,-4
seraga,-3
bait,-3
berterima,-3
aspiran,-5
berdansa,-4
terhunjam,-3
friksi,-5
pematang,-4
lenyap,-5
api-api,-4
gidik,-4
mesut,-4
sanggit,-3
terseret,-3
mesum,-5
sukatan,-5
golak,-5
keheningan,-4
tengking,-5
aspek,-3
amblas,-3
memomokkan,-5
fundamental,-4
abuk,-3
gunduk,-3
beta,-3
kemplang,-5
abur,-5
selap,-3
tembelang,-5
berumah tangga,-4
jebeh,-5
menikmati,-3
membabi buta,-4
menahun,-5
primer,-4
menggeligi,-4
pembangkang,-4
fulanah,-3
menyetubuhi,-3
bulat,-3
layon,-4
baginda,-3
selempang,-5
mengesak,-3
berhimpun,-4
berkunjung,-4
membelot,-5
kilah,-4
terang akal,-4
keperihan,-5
serobot,-3
mengesan,-3
mengelakkan,-4
kerepotan,-3
hadiah,-3
berdedikasi,-3
tersekat,-5
cek,-4
mengebumikan,-3
moderator,-3
duli,-3
menghebat,-4
berita,-4
melayang,-3
melayani,-5
menyelakkan,-5
buta,-3
memfitnah,-4
nala,-3
sekop,-3
incit,-4
batung-batung,-4
gesek,-3
rongkol,-5
bertinju,-4
bersengketa,-4
cilok,-3
keasingan,-4
sekurang-kurangnya,-3
daftar,-3
bertahan,-4
perahu,-4
melekat,-4
khawatir,-5
ruang,-3
kisikan,-3
menghadiahi,-3
terajang,-3
memegang,-4
kafetaria,-4
masai,-4
merenyam,-3
patgulipat,-5
terali,-4
rad,-3
ijab,-4
meluluhlantakkan,-4
saja,-3
pemberon-takan,-4
mengenjak,-3
beranda,-3
perus,-5
ahmak,-3
pepak,-3
ceroboh,-5
cacing pipih,-4
cuak,-4
bison,-3
pepat,-3
kotak,-3
anjak,-3
anak bedil,-3
tebal hati,-5
tenggak,-3
melampau,-4
bercedera,-4
oven,-4
mengumpul,-3
bertumbukan,-4
mencontengkan,-3
menyatroni,-5
rasialisme,-5
terkilir,-3
gagu,-3
langking,-4
bicu,-3
dogol,-5
camping,-3
berugi,-5
mengenangkan,-3
menerbankan,-4
cutel,-4
mengamalkan,-4
mencaci-maki,-5
analitis,-4
hipotesis,-3
kesejukan,-3
kepelikan,-4
bubuk,-5
inhibisi,-4
hawar,-5
himpun,-3
mengetepikan,-4
berlibat-libat,-4
tergamak,-4
tua,-4
mengubrakan,-3
susuh,-4
mengingsut,-3
cacauan,-4
belis,-4
meninju,-3
mengoyak-oyak,-4
embarau,-3
urut-urutan,-4
menyantak,-3
alobar,-4
memusnahkan,-5
menyantap,-4
berkembang biak,-3
resek,-4
kelas,-3
jalan bentar,-4
colak-caling,-5
tun,-4
bergelut,-4
cacat,-5
buntang,-4
kerugian,-5
uring-uringan,-5
colok,-3
gedembai,-4
dupleks,-3
antusias,-3
rompeng,-4
menyagang,-3
benderang,-3
tenggan,-3
mencabarkan,-4
cabar,-4
celopar,-4
penyungkit,-3
pongah,-5
tarung,-3
mara,-4
cabuh,-3
cupet,-5
terganjal,-4
merompak,-5
konotasi,-3
keajaiban,-4
busut,-4
mangkel,-4
memacak,-4
ringan mulut,-4
main muda,-3
mengacaukan,-4
telan,-5
nyelekit,-4
balung,-4
menyelir,-5
pilon,-3
gingsir,-3
lalim,-5
menyuntik,-3
takul,-3
menebalkan,-3
merana,-4
bertaki,-3
bengkak,-4
pembalut,-3
duduk perut,-3
kesahihan,-3
hantaman,-3
kaos,-4
kirai,-3
lembap,-4
orbit,-4
wimana,-4
peres,-3
bergontok,-4
bertransformasi,-3
kolot,-5
rajin,-3
menyuapi,-3
pendamai,-3
merincukan,-4
balur,-4
mamang,-4
menyemangatkan,-3
tunjuk perasaan,-3
terpengaruh,-4
berjarak,-4
patos,-5
perkakas,-3
beralih bentuk,-3
asfal,-5
menunukan,-4
tambak,-3
berlainan,-4
mengoyak,-4
menyiar,-4
injakan,-3
hirup,-3
memble,-3
menyiat,-4
membonceng,-3
rucah,-5
penghisapan,-4
kasur,-4
susu,-4
rombongan,-4
pencukuran,-4
menyelusuh,-3
tergambar,-3
kekacauan,-4
menimpuk,-5
main mata,-5
dongok,-5
jorok,-5
lebu,-3
kelambanan,-4
bijak,-4
sekongkolan,-4
antagonisme,-4
menghindarkan,-4
bentakan,-5
bagi,-4
becak,-5
mengkal,-4
beban,-5
sekedup,-3
memperlihatkan,-3
berserikat,-3
bertangkap,-3
ceronggah,-4
terkait,-3
cerabih,-4
anak pinak,-3
menenggang,-3
perak,-4
mencoblos,-3
jompo,-3
berdekatan,-4
dendeng,-4
bersedia,-3
ira,-3
gorek api,-4
safa,-4
keriuhan,-3
sembam,-4
gayung,-4
isotop,-3
terselak,-3
keterkaitan,-3
membawa berat,-3
berproses,-3
pandai,-4
imbalan,-3
cicik,-4
mengesahkan,-3
henyak,-4
insaf,-4
pertunjukan,-3
latisan,-4
tagut,-4
pengiring,-3
bebas,-4
pemberitahuan,-3
mungkar,-4
menjejak,-4
serawak,-3
bergurau,-4
cuka jawa,-5
pemarah,-4
pegari,-3
bulevar,-4
kesendirian,-4
indusemen,-3
kacuk,-4
mencicik,-5
berkawanan,-4
jurik,-4
leta,-5
berangai,-5
obrolan,-4
cacing tanah,-4
persetubuhan,-3
asor,-5
mendengung,-4
teraduk,-3
sebit,-4
basmi,-5
parau,-4
menumpang,-3
ketulahan,-4
aswad,-4
menjelma,-3
terlampau,-5
tertata,-4
membuktikan,-4
berputar-putar,-4
tipeks,-3
singkat,-3
mengapkir,-4
gonjak,-5
berat kepala,-5
dari,-3
berdebat,-5
gontok,-4
membelai,-4
mikro,-3
menggemaskan,-5
menyembulkan,-3
tobak,-3
ampela,-5
luar biasa,-4
hidup,-4
terang,-3
menyembam,-4
menggentarkan,-4
gombong,-3
pol,-3
pancur,-3
kopyor,-4
sementara,-4
bersipongang,-3
mencabau,-4
tolol,-5
taji,-4
musibah,-5
bergembung,-3
ibunda,-5
gemuk,-3
lombong,-3
gundukan,-4
menyulut,-4
cetek,-3
berganduh,-3
mengabulkan,-3
naas,-5
mencengkau,-4
beranak bercucu,-3
mengacak,-4
sembunyi-sembunyi,-4
bersepai,-5
manipulator,-4
iktikad,-4
berantara,-3
cekok,-3
bercaran,-4
leburan,-3
kembar,-3
cabau,-3
divergensi,-4
rombeng,-3
redik,-5
bongok,-3
berus,-4
sentuk,-4
menginjak,-3
bersilih,-3
meresahkan,-4
gelatak,-4
instansi,-3
kerik,-3
sempit,-4
jolak,-3
bersikukuh,-4
bersokom,-4
menghinggapi,-3
ogah-ogahan,-4
drama,-4
kenes,-3
tepu,-3
usang,-5
terpaku,-3
tarak,-3
opium,-3
kolam,-3
menggigis,-4
selerang,-5
berat tulang,-4
tumor,-4
kemurkaan,-5
acu,-4
seberang,-3
tepi,-4
memusuhi,-5
jilatan,-3
bersangkal,-5
ikut-ikutan,-3
penjuru,-3
gedor,-4
waham,-3
bertelinga lembut,-3
merayah,-5
denai,-4
farak,-3
salah tingkah,-4
garu,-4
langsai,-3
mengganas,-4
menanggang,-5
kurang adat,-5
bruto,-3
celuk,-3
baskom,-4
menyurihkan percakapan,-5
merincis,-4
berapit,-4
tatak,-4
menelaah,-5
liang,-3
biarawati,-3
condong,-5
kotoran,-5
luang,-3
mairat,-5
apit,-3
bertimbang,-3
sarit,-4
tak bernyawa,-5
kotor,-5
menggeret,-3
menyenggau,-4
menyenggak,-5
kacip,-3
seksualitas,-5
juz,-4
pendapatan,-3
sarik,-3
membayar,-3
tersia-sia,-3
mengobarkan,-4
cena,-3
pendusta,-4
terberak,-5
ketahuan,-5
mencuca,-5
antap,-5
menikam,-4
embek,-3
amin,-3
rongga,-3
landasan (pesawat udara),-4
tutur,-4
berlarat-larat,-4
tekad,-3
empuk,-4
menidurkan,-4
bidai,-4
konkurensi,-4
bersanding,-5
mengerjakan,-4
delegasi,-4
pantas,-5
mengisbatkan,-3
tinja,-5
lawan,-4
pengar,-4
ikan kena tuba,-4
ceriwis,-4
kutut,-3
genjang,-4
asal usul,-4
filo,-3
pergesekan,-4
berbabil,-4
menghapus,-4
pemupusan,-3
jajal,-4
abolisi,-3
doa,-4
kawula,-3
compes,-4
teratur,-4
kelipar,-4
jerepet,-3
menghunjam,-4
peletan,-3
aparatus,-3
gembel,-5
menyungguhkan,-3
menagih,-3
kacangan,-4
lengah,-4
berjauh hati,-3
conteng,-3
tertumbuk akal,-5
lengas,-4
terlepas,-5
gurauan,-4
kharab,-5
keputusasaan,-5
palat,-5
validitas,-3
penyinaran,-3
menyabak,-5
feses,-5
gebok,-3
teles,-4
palolo,-4
liang jimak,-4
tertutup,-5
menyetor,-3
bunduk,-3
kebodohan,-3
potel,-5
bendu,-4
bermukim,-4
banat,-4
usrek,-5
mengejikan,-3
serindai,-5
memfatwakan,-3
bersebelahan,-4
lafal,-4
terlangkaui,-5
gembrot,-3
petanda,-3
sistematik,-3
cekluk,-4
tensi,-4
suni,-4
modal,-3
sama sekali,-3
sistematis,-3
larut,-5
berlepasan,-3
takaran,-5
informasi,-3
osteoporosis,-5
ajang,-3
geret,-3
hakam,-3
terjengkang,-5
kerising,-4
penurunan,-5
kalang-kabut,-4
urita,-3
perkawinan,-3
pelerai,-3
geletik,-3
congek,-3
gosok,-5
pengangkutan,-5
berlabuh,-4
ketus,-4
solek,-4
senyur,-4
berdakwa,-4
tersirep,-3
bunga hati,-3
menusuk-nusuk,-4
memekik,-3
tumpasan,-5
susur tangan,-3
safinah,-3
robek,-3
aplikasi,-4
mustaka,-3
menunggu,-3
cekatan,-3
ketul,-3
tercantol,-3
menginsinuasi,-4
menerima kenyataan,-4
tempat,-3
korupsi,-4
menongkrong,-4
mengolet,-3
penurut,-3
jengkel,-4
berteman,-3
menggelup,-4
resah,-5
terlalah,-5
belati,-4
lahang,-3
laur,-4
caplak,-4
anak,-3
gang,-4
bertelanjang,-3
ocehan,-4
angguran,-4
puputan,-3
terbuka (mata),-3
kiamat,-3
menyanggah,-4
menendang,-5
menginterupsi,-5
merunjang,-3
berserakan,-5
rata,-4
jerat semata,-3
eklektis,-3
pengantara,-3
menerpa,-3
mencura,-5
bersila,-4
menyerahkan jiwa raga,-4
menganeksasi,-5
waras,-3
sun,-3
mempertimbangkan,-3
naik darah,-4
sember,-4
percabangan,-4
menambak,-5
pencemaran,-4
jeput,-3
mengedrop,-4
mangut,-4
sorangan,-3
dangkal,-4
spion,-3
terlukis,-3
kesomplok,-4
mencengkelong,-5
pengang,-3
formal,-3
prosais,-3
seni,-4
gebung,-5
tercemas,-3
gabal,-5
menyayat hati,-4
menyela,-5
belu-belai,-4
membohongi,-3
kembung,-3
kehuru-haraan,-4
keliru,-5
serabutan,-5
batuk kecil,-4
merawat,-3
gerepes,-4
tersayat,-5
balairung,-3
seru,-5
samar,-5
ingsut,-3
siklon,-4
menentang,-5
bunga,-3
rancap,-4
diskrepansi,-3
rancau,-3
berpusu,-3
gencat,-5
bertonggakkan,-4
puyan,-4
berkerumun,-4
terlalaikan,-3
enas,-5
memuakkan,-5
lincah,-3
rancak,-4
telantar,-4
mati pucuk,-5
congkak,-3
apkir,-4
berapat-rapat,-3
cakus,-4
menggasak,-5
mewujud,-3
morfin,-3
bongkong,-3
bersabung nyawa,-3
bergaul,-3
aco-acoan,-5
pencolek api,-4
menyikat,-5
timbangan,-5
mendiami,-3
bergajul,-5
erangan,-3
datang,-4
slebor,-5
bertebaran,-5
birah,-3
ajakan,-3
caci,-5
keluhan,-3
memuluskan,-5
tuah,-3
demek,-4
lanjut,-5
mencekik,-4
lihai,-4
bersempena,-3
taun,-5
menggunung,-3
berakar,-3
taut,-4
raguk,-3
tuas,-3
merdesa,-5
mala,-5
keder,-4
petugas,-3
mencamuk,-4
pusung,-3
kincit,-5
cemeh,-4
kafilah,-4
lolos,-4
berhati walang,-3
terpisah,-5
menceret,-5
inaugurasi,-3
menjeburkan,-5
rompong,-3
tingau,-4
penghapus,-3
tahi,-5
menghina(kan) melanyak,-5
bertapa,-3
menyadau,-3
menyemangati,-4
permai,-4
cerita burung,-5
kelusuh-kelasah,-5
menuba,-5
peserta,-3
tertunda,-3
bersandarkan,-4
narasi,-4
mengonslah,-5
bengkok,-4
besar perut,-3
mengetes,-3
menimbang-nimbang,-3
marah,-5
buang air kecil,-3
sumbing,-4
seranah,-3
seman,-5
sigap,-3
wangsit,-3
mencungkil,-4
menguar,-3
membentak,-5
jodoh,-3
asumsi,-3
cupul,-5
berlompatan,-5
tulang,-4
arbitrer,-5
kurang pikiran,-3
kerosek,-3
jobak,-3
serenging,-5
bertumbuk,-4
jongkok,-5
teks,-3
ranai,-4
hakiki,-4
geladir,-5
anak air,-4
sangsi,-5
embat,-4
kesusahan,-5
garang,-5
bangkang,-4
lintar,-3
dangkap,-3
kejar,-3
persediaan,-3
el,-3
erot,-4
bertemu roma,-4
mam,-5
menyerampang,-5
menganjurkan,-3
bekicot,-4
bangle,-4
usikan,-5
teladan,-3
patuk,-5
daya upaya,-4
patut,-5
bertautan,-4
menyungkit,-4
lata,-5
bengkerap,-4
senat,-3
bercorak,-3
kekerabatan,-4
luntur,-3
bersebaran,-5
deklarasi,-3
relevansi,-4
kedut,-4
idola,-3
toboh,-4
tercerai,-3
senteng,-5
merefleksikan,-3
berjihad,-3
simpatik,-4
timbul,-3
timbun,-3
tercekluk,-3
kunarpa,-4
pialang,-3
penubuhan,-3
terudak,-3
berat ekor,-4
kasep,-4
keremus,-4
gagap,-5
mematut-matut,-3
cakap angin,-4
cercah,-5
menguburkan,-3
gembil,-4
hilang semangat,-4
mereken,-3
membakar,-4
menengahi,-5
sambit,-5
belingsat,-4
lembaga,-3
seluk-beluk,-4
menyita,-5
oyong,-4
membukukan,-5
menyebelah,-3
menancap,-4
bebat,-3
menyusup,-3
pendek akal,-3
membeli,-3
kelengangan,-4
menyembilu,-4
mumi,-4
cempala mulut,-5
putih,-4
beralaskan,-4
tetesan darah,-3
bulsak,-4
gapura,-4
peruntungan,-3
pembabil,-4
kurang ajar,-5
angkup,-3
geregetan,-4
tinju,-5
mengisruhkan,-4
inferior,-4
mengunyah,-4
titik berat,-3
ahli bahasa,-3
bertengkar,-5
terdampar,-5
cempelung,-5
penata,-3
pun,-3
gempuran,-3
jemari,-4
resesi,-5
bongkar-bangkir,-5
reca,-3
roh jahat,-4
pub,-4
berat otak,-4
bertarak,-3
mengias,-4
kemuraman,-5
penutur bahasa,-3
basi,-5
menyingsing,-3
penindasan,-4
sayu rayu,-3
tangisan,-5
ampel,-3
mengharukan,-4
lotre,-5
tahu,-4
amtenar,-3
ketuat,-4
mengarik,-3
dongkel,-3
riuk,-3
wejang,-3
rompyok,-5
banyak cincong,-4
terbangai,-3
kuno,-5
ketumbukan,-4
ke belakang,-5
kesengsaraan,-5
sampai,-4
dina,-5
tekek,-3
mengeremus,-4
sapi jantan,-3
warta,-3
pumpun,-3
berlawanan,-4
sivilisasi,-3
batuk lelah,-4
laluan,-4
membeda-bedakan,-3
kapal,-3
melaksanakan,-3
emper,-3
terdesak,-4
mencetak,-5
tumpul otak,-3
tertegak,-4
kebentok,-4
tersuruk,-5
bertalun-talun,-3
stori,-5
bongak,-5
bertokok,-3
renyem,-3
ruyup,-5
embus,-3
memperhitungkan,-3
jamin,-5
kering,-3
cumbuan,-3
gempita,-5
penarah,-3
kardinal,-4
edaran,-3
berpada-pada,-3
lebar,-3
tertuju,-3
menumpas,-5
akar,-3
berkilah,-4
gebang,-4
menonjolkan,-3
hanya,-3
menggoyahkan menggerakkan,-4
menggema,-4
metode,-5
berkeras-kerasan,-4
memantai,-4
berkarat,-4
memantak,-4
gara-gara,-5
perbaraan,-4
legalisasi,-3
gurau,-4
ginding,-4
pukul,-4
tunggul,-3
menunjukkan,-3
karu,-5
kilang,-3
tosan aji,-4
mulut gapil,-4
agen,-3
menekankan,-3
balik adab,-5
menyelinap,-5
berdoa,-3
ketimpangan,-4
parlente,-4
sontak,-4
gendut,-3
gelis,-3
bersisalak,-4
zero,-3
melantak,-4
bertian,-3
pasal,-4
simak,-5
main kayu,-3
azimat,-4
menjalari,-3
kompleksitas,-4
mengerkau,-4
garit,-3
selubung,-5
jembalang,-4
tersirah,-5
beragam,-3
silang selisih,-4
kebangkitan,-5
amah,-5
ceracau,-4
cegak,-4
ceracam,-4
mengorek,-4
watu,-3
berduaan,-3
indolen,-4
sapi,-3
goyah,-4
muflis,-4
kerabat,-3
kedai minuman,-4
kabin,-3
pekir,-4
berzikir,-3
penyelidikan,-5
menyatukan,-3
semaput,-4
kempa,-3
rangkul,-3
berlandaskan,-4
serangan,-3
pukulan,-3
ukir,-5
hamil,-5
membobol,-5
penumpang,-3
kegaduhan,-3
cengung,-3
hamik,-3
kambuh,-4
tukar,-3
tukas,-5
bahlul,-5
merunyamkan,-3
makan bawang,-5
menyodorkan,-3
beringsut,-3
sangit,-5
belendung,-3
malu mata,-4
bersiteguh,-4
peragaan,-3
bertemperasan,-3
meranggah,-3
reput,-3
kebirahan,-3
mengayunkan,-3
memberantas,-5
bertudung lingkup,-5
nyenyak,-4
sumpek,-4
berguam,-4
memeriksa,-5
kada,-3
langkap,-3
menyalakan,-4
inai,-4
menggarangkan,-4
giang,-3
rayah,-5
menghabisi,-4
bersangkut,-4
langkan,-3
ambil,-5
urun,-4
mencemat,-5
nyenyat,-4
bergolak,-5
berzina,-4
memikirkan,-3
pencahayaan,-3
ternoda,-5
talun,-3
bedel,-4
kasip,-5
sila,-4
sapit,-3
terpa,-4
keran,-4
berselisih,-5
kerai,-4
oposisi,-3
hardik,-5
sifer,-3
menyakatkan,-4
meranyah,-5
penghambat,-5
gerombong,-4
merambak,-3
cadang,-5
gela,-3
daging tumbuh,-4
penongkat senduk,-3
berserah,-4
lelembut,-4
menembis,-5
murus,-5
bertukar akal,-4
kemunduran,-5
rengeh,-3
angit,-5
tajak,-3
porak-poranda,-5
terjungkal,-5
reba,-5
meladeni,-5
retak,-4
karena,-3
belulang,-3
jembel,-5
pembersih,-4
biksah,-5
mayit,-4
tersampuk,-4
inga,-4
afiliasi,-4
kaki ayam,-3
persesuaian bunyi,-3
mengendur,-3
menggelogok,-3
menghancurkan,-4
tercengung,-3
lambang,-3
berpangku tangan,-4
meredik,-5
bangkai,-4
defisit,-3
getaran,-3
kelangkan,-3
tapa-tapa,-3
semenggah,-5
terkejar,-5
baktau,-5
cacing,-4
menggabungkan,-3
uyuh,-3
pilu,-5
membaik,-3
beregu,-3
cendala,-5
mengempis,-3
mengawali,-3
memanggang,-4
merukunkan,-3
bambung,-3
teperlus,-4
bandit,-5
omongan,-4
menggeleng,-3
celaan,-5
menyeberang,-3
berpalit-palit,-4
bersembahyang,-3
gaung,-3
semburan,-4
menyabung,-3
lecap,-4
dapra,-3
membocorkan,-4
himpunan,-4
tersara bara,-5
banteng,-3
bergamit,-3
bersempuras,-3
mengonyok,-3
kabinet,-3
serakan,-3
maherat,-4
onak,-4
kecabuhan,-3
berkuliah,-4
merapunkan,-4
bergosok,-3
dum,-3
rasio,-4
satire,-3
getap,-4
terjerumus,-4
jeraus,-3
pa,-5
melulu,-3
khabis,-3
mengemukakan,-3
penyadur,-3
pangkal kerongkongan,-5
iman,-3
memasak,-3
cium,-3
awut,-4
kronis,-5
parokial,-3
cotok,-3
antun,-3
kuyu,-5
pasangan hidup,-3
udara,-4
biji buah,-3
mitra,-4
tabungan,-3
bersuka-sukaan,-3
memerli,-5
abon,-4
dinasti,-3
mencegah,-5
beranang,-3
nanar,-4
nakal,-5
mendungas,-3
senyap,-4
muatan,-5
tertindas,-5
grip,-4
berburuk,-4
huda,-3
kayangan,-5
alai-belai,-3
domba,-3
menyiksa,-5
sumpah serapah,-5
kekotoran,-5
rim,-3
cerup,-3
jotos,-5
ragam,-4
menggoyangkan,-4
geladah,-3
lingsir,-5
open,-3
obsolet,-5
bengis,-5
ongkang-ongkang,-4
anggai,-3
gemeletek,-4
memaki,-5
otak telur,-5
gering,-5
memaku,-3
berpadu,-3
menelanjangi,-4
rute,-4
konsistensi,-3
berakhlak,-4
pusing keling,-5
nyanyang,-5
dekil,-5
tapak kaki,-3
bonus,-3
cahari,-3
berpartai,-3
seluk beluk,-4
gemblung,-3
kenyih,-4
menambus,-4
bergaduh,-5
bentrok,-5
paganisme,-5
bercintaan,-3
seko,-3
gabuk,-4
tiup-tiup,-3
berseloroh,-4
keletah,-3
sampur,-3
pameran,-3
pelaksanaan,-4
merencah,-4
mendongkolkan,-5
sampul,-3
sampuk,-3
langis,-5
cempera,-5
malapetaka,-5
ampu,-5
peluru,-3
tim,-4
menyorongkan,-3
lacur,-5
mendiskreditkan,-4
kendatipun,-3
pasak,-4
berkolusi,-5
buka,-3
izin,-4
garib,-4
menghirup,-3
mendebarkan,-4
panji-panji,-3
berengsaan,-4
saksama,-5
guyon,-4
butek,-3
menyamakan,-3
meremang,-3
bertapakkan,-4
kolaps,-5
bengap,-3
menyabot,-3
menekan,-3
kecipir,-3
bertentangan,-4
dwiganda,-3
bergaung,-3
keaiban,-5
meruak,-4
teknik,-4
khalwat,-3
wasit,-3
menampik,-4
ke-tidakjelasan,-5
empang,-3
berganggang,-3
pengukuhan,-3
menggunting,-3
jelukan,-3
pretel,-4
intimidasi,-5
hadang,-5
penyepit,-3
mencerup,-3
jariji,-4
penghukuman arestasi,-3
mendidis,-4
mendidih,-3
membabat,-4
bersendi,-4
bukat,-4
sunam,-3
pengotoran,-4
garis,-3
mengejutkan,-3
menanggulangi,-5
tertubruk,-4
kukul,-3
jembatan,-4
sambaran,-3
tumandang,-3
begana-begini,-4
alamiah,-3
hantam kromo,-4
Anda,-4
babil,-4
berpuaka,-3
mengazabkan,-3
pikat,-4
melaknat,-5
berpura-pura,-4
lungkang,-4
bercura,-4
kasim,-4
meloya,-4
membembam,-4
mengedut,-5
bertelimpuh,-3
cobaan,-5
hengkang,-4
akreditasi,-3
mendarat,-4
leler,-4
senior,-3
menindas,-5
dompleng,-3
dahiat,-5
menyemak,-5
menggeligis,-4
minimal,-3
menggarit,-3
haru biru,-5
cempung,-4
memadatkan,-3
parlemen,-3
tanggungan,-3
ceruk,-3
talenan,-5
odoh,-5
budek,-3
jaruman,-5
barbar,-5
tampuk,-3
sobek,-3
berperang hati,-4
tidak,-5
kebingungan,-3
peniti,-4
munding,-3
letup,-3
letus,-4
modar,-5
berduyun-duyun,-3
menengking,-5
mengayun,-3
menempel,-3
singkat akal,-3
menyalak,-3
kebun,-4
hasad,-5
penyanggah,-4
ziarah,-4
menggilas,-4
selektif,-3
anak cucu,-3
bergelegak,-3
muntup,-3
berbadan dua,-3
mengudak,-4
alahan,-3
kekerasan,-4
kelamin,-3
mengoyok,-4
kunjung,-3
gelung,-3
berongga,-3
kelengar,-4
lopak-lapik,-4
setimpal,-5
mariyuana,-3
mahkamah,-3
bertaburan,-5
terjerohok,-4
ringkik,-3
caba,-4
anekdot,-4
tenggarang,-4
mengembus,-4
kobaran,-3
menggelingsir,-3
leduk,-4
serengit,-4
sentilan,-5
menggelinyau,-3
menggondol,-5
kelimut,-3
gorong-gorong,-4
aksa,-4
berdengus,-3
memikat,-4
serik,-3
otak ayam,-5
mengenyam,-3
membegal,-5
pengingkaran,-3
grup,-4
meruntun,-5
ua,-4
semua,-3
uber,-3
hinaan cacian,-5
benah hati,-3
luncas,-3
pengecoh,-4
darat,-3
syak,-3
lakon,-4
bergumam,-3
bimbang,-5
tengkoh,-3
mengorup,-5
cura,-3
pranatal,-3
berkerubung,-4
sepit,-3
uras,-3
beradu mulut,-4
boleh juga,-3
kulak,-3
cantrik,-3
titi,-3
bergerombol,-4
invalid,-5
betul,-4
yang,-5
besi tua,-4
brokat,-4
bercempera,-5
menggagalkan,-3
menilai,-4
khatimah,-3
argumen,-4
keropok,-3
draw,-3
terkuak,-5
beramuk,-4
membeslah,-4
cacing pita,-4
lelung,-3
tubuh,-4
batang,-4
beol,-5
caruk,-4
mencengkam,-4
kenan,-3
bagus,-4
berbanding,-3
carut,-5
sipongang,-3
membajak,-5
info,-3
ladang,-4
awur,-4
aiku,-5
berkhianat,-5
pasokan,-3
bergoyah,-4
menuntut,-3
cengger,-3
timpuk,-5
centang,-5
cacing palolo,-4
balik gagang,-5
cacing hitadid,-4
reaksi,-5
berlipat ganda,-3
melandai,-3
berkeping-keping,-5
mengagak-agak,-3
jalan layang,-4
gamat,-5
terkocok,-3
bentak,-5
berumpun,-3
bentan,-4
ngeang,-4
kematian,-5
miskin,-5
kesuraman,-5
pekuk,-3
asmara,-4
praduga,-3
merejeng,-3
berbiak,-3
trayek,-4
arik,-3
mewakili,-3
implikasi,-3
terpulang,-3
memosisikan,-5
demonstrasi,-3
mengambang,-5
kepenatan,-4
kekecewaan,-3
caci maki,-5
menangkal,-4
membandingkan,-3
travesti,-5
memangku,-3
fatal,-5
celih,-4
manasuka,-4
perang mulut,-5
peradam,-5
bertasyakur,-4
goyang,-4
menyayung,-4
embah,-3
sabil,-4
terpuruk,-4
manifestasi,-3
pembarut,-3
memantang,-4
sabit,-3
bahaya,-5
berbohong,-4
menaklukkan,-4
mengoleng,-3
beloon,-3
terkam,-4
horor,-5
lutu,-4
suka hati,-3
bantar,-4
akut,-5
mengikhtisarkan,-3
terguncang,-3
tanggul,-3
usak,-3
serampangan,-5
presentasi,-3
kikis,-5
comblang,-5
jalang,-4
menghasut,-4
polusi,-4
sumarah,-4
seleder,-5
firasat,-4
buncah,-5
yunior,-4
korup,-5
kabil,-4
kapuk,-3
fosil,-4
puaka,-4
ogel,-4
kecaman,-5
biji mata,-3
berbisa,-5
purbasangka,-3
soal jawab,-3
kafe,-4
menampakkan diri,-3
kecapan,-4
jarum,-4
awut-awutan,-5
terjepit,-4
tugal,-4
kicik,-3
bermesraan,-3
gelopak,-4
menyenangkan,-3
rekam,-3
mendapati,-4
kekhawatiran,-4
peretel,-4
ngotot,-4
kontak,-4
memanjatkan doa,-3
tutur kata,-4
bertunangan,-4
karangan,-4
bilik,-3
pertentangan,-5
tumbang vertikal,-3
serasi,-4
tersusul,-3
ikat rambut,-4
berperai-perai,-5
upah,-3
meleja,-5
mencebur,-5
ketenangan,-4
manggak,-5
menengkar,-5
getun,-4
si polan,-3
burai,-5
tengku,-4
kecantol,-3
bala bencana,-5
menceng,-4
berceloteh,-4
sesat pusat,-4
bendoro,-4
menipu,-3
aksioma,-3
ekor,-3
broker,-3
menghadiahkan,-3
berwarna,-3
mencerkau,-4
terempas,-5
ganda,-3
belas,-3
mengejar,-4
tua bangka,-3
walau,-3
jelas,-3
penggali,-4
daki,-4
pembudayaan,-5
bulan-bulanan,-4
menyesalkan,-5
menghancurluluhkan,-4
bahtera,-3
jiplak,-3
dedemit,-4
pembelit,-3
janggal,-4
bertingkuh,-4
menaruh syak,-3
kepincangan,-4
sudi,-3
meraut,-3
berdesakan,-3
penghalang,-5
penis,-5
urgen,-4
memidana,-3
badai,-4
seringing,-4
jajah,-5
anak bukit,-4
merisak,-4
redang,-4
salak,-3
ancai,-5
menyawar,-5
terambau,-5
rida,-3
berhujah,-4
wejangan,-3
sosi,-5
gembol,-4
sirkuler,-3
timah panas,-3
aru-aru,-4
amat sangat,-3
menukik,-4
lorong,-4
mempertaruhkan,-3
roda,-5
daras,-5
menggadaikan,-3
sudu,-3
jeran,-3
memegat,-3
menegangkan,-4
slip,-5
hangat,-3
menjerit,-3
hisap,-3
terpojok,-4
silu,-5
pentung-pentungan,-4
deraan,-5
talas,-3
menggebos,-5
berdusta,-4
cuai,-4
berpencaran,-3
resap,-3
menjelek-jelekkan,-4
usul,-3
sepenuhnya,-3
tedak,-4
pales,-4
mendesak,-4
menggempur,-4
rintik,-3
solokan,-4
brengsek,-5
menggaduhkan,-4
hawa,-4
sulalah,-3
membatasi,-3
ranyah,-5
menjunam,-4
terjang,-3
alkisah,-4
merandu,-4
gulana,-4
kromatis,-3
belaian,-3
menggigih,-4
obral,-3
bergurau senda,-4
batal,-5
batas,-3
gelagat,-4
gegetun,-4
menggali-gali,-4
berawan,-3
cecap,-5
melepek,-4
pegal hati,-4
wedus,-3
penyangga,-3
penyertifikatan,-4
banyak,-3
butut,-5
rendah,-5
memerusa,-4
ciuman,-3
plongah-plongoh,-3
sobat,-4
penanggalan,-4
wawa,-3
beradu lidah,-3
memorakporandakan,-3
lengkap,-3
butuh,-5
murka,-4
mengandung,-3
ikat janji,-4
dungu,-5
terlulur,-3
kelati,-3
raba,-3
menuju,-4
menjamin,-5
engkau,-4
mencempung,-4
perantara,-4
buhuk,-4
semprotan,-5
bergosokan,-3
lindap,-3
sungguhpun,-3
auta,-4
harap-harap,-5
geretan,-4
ingar,-5
labuda,-3
nihil,-4
selokan,-4
juru damai,-3
berhantaran,-5
kelesuan,-5
suram,-5
titian,-4
surah,-4
menghukumkan,-3
amburadul,-5
ceceran,-3
mencoret,-3
buang air,-5
pemerasan,-4
mencekuh,-3
langka,-5
riang gembira,-3
ambalan,-4
bentang,-3
mengentak,-3
keributan,-5
terhambat,-4
tentu,-3
menodai,-5
berguyub,-3
globe,-3
cerai-berai,-5
randek,-3
segera,-3
lerak,-4
banal,-3
bogem,-5
kritik,-5
penyekutuan (Allah),-5
menir,-4
menerjunkan,-5
kehampaan,-3
menyangkak,-5
menggelisahi,-4
ladah,-5
calit,-5
terlanggar,-4
bertumbangan,-3
mengeruh,-3
menginjeksi,-3
bangang,-3
tunjangan,-3
residivis,-5
deras,-3
kritis,-5
bersekutu,-5
bobot,-5
terperuk,-4
lajat,-5
benar,-4
berlinang,-3
celonok,-3
bertamu,-4
kaus,-4
membuncahkan,-4
kewalahan,-3
kernyih,-4
mudik,-3
melankoli,-5
hardikan,-5
kanak-kanak anyir,-3
menimbang,-3
menyatu,-4
meragu,-4
berdasarkan,-4
mencirit,-5
lungse,-4
cerabah,-5
orang halus,-4
bufer,-3
mengabar,-5
sempurna,-3
kerajaan,-3
bimbing,-3
buas,-5
berkuat,-4
belit,-3
tertanam,-5
sajen,-4
anak penak,-3
liplap,-3
kocok,-3
cacian,-5
zat pemabuk,-3
gamak,-4
retas,-3
pariwara,-3
gamam,-4
aru,-5
terlewat,-3
tenggang,-4
menyedot,-3
adegan,-4
capak,-4
kufur,-5
capai,-5
kerbau,-3
bercak,-5
lumer,-3
layak,-5
menyirapkan,-4
menyelak,-4
kumbang,-4
vagina,-4
ulasan pers,-3
gulung tikar,-5
mengabsorpsi,-3
cabik,-3
kelatahan,-5
berpuak-puak,-4
memberhentikan,-5
mengekol,-3
seladang,-3
ihwal,-4
cendekia,-4
gohong,-3
mengubur,-3
amandel,-5
kepetangan,-3
berpasangan,-3
kelompang,-3
selesai,-4
berteraskan,-4
udi,-5
tilas,-3
sakit-sakitan,-4
asal-asalan,-5
hampa,-5
pembendung,-3
melenyapkan,-5
timburu,-5
menampel,-3
tepian mata,-3
menangap,-5
sediaan,-3
paralelogram,-4
labrak,-4
cerita,-4
belanja,-3
unam,-3
cema,-5
idap,-5
perban,-3
lipat dua,-3
boksen,-5
pijat-pijat,-5
menyabung (nyawa),-3
pampat,-5
minhaj,-4
defekasi,-5
abdi negara,-3
lalat hijau,-5
membawat,-5
mengirap,-3
mengirat,-5
asah,-3
menolok,-3
beranak cucu,-3
perlina,-3
mil,-3
terban,-4
bunda,-5
pengesahan,-3
anglo,-4
membongkar,-4
krista,-4
hitam,-4
blobor,-3
merampus,-5
jari,-4
menghembalang,-3
destar,-4
mencekak,-4
cemburu,-5
resonansi,-3
gurun,-3
tumpul,-3
guruh,-3
induk semang,-4
bergerombolan berkawanan,-4
kepala udang,-3
pancaran,-3
sendal,-3
bosun,-4
gurub,-5
batuk-batuk,-4
ovipositor,-3
intrinsik,-4
dadah,-4
awi,-3
tumpur,-5
putau,-3
ampai,-4
ifrit,-4
lengkur,-3
menyelentik,-4
embal,-4
melahap,-5
jangkit,-5
mencampurbaurkan,-4
bencana,-5
berparak,-4
tunasusila,-5
ampas,-3
meminta (kpd Tuhan),-3
meralip,-5
kepalan,-5
berharap,-3
mulut gatal,-4
mencucuk,-3
menggalakkan,-4
tangkapan,-3
mengusap,-4
anak-anakan,-3
menghardik,-5
kejernihan,-3
beralih,-3
pendongkrak,-3
menundukkan,-4
cukupan,-3
timpang,-4
nis-,-3
liwa,-3
peng-antara,-3
ceker,-3
memvonis,-3
belinjo,-3
meracik,-4
mendasar,-4
rompoh,-4
sulfur,-3
terpancang,-3
terkencar-kencar,-4
menghantui,-4
bangkit,-4
lela,-4
silap,-4
gemal,-5
habis akal,-5
kidib,-3
menyelidiki,-5
kabar burung,-5
gemas,-5
perdebatan,-3
silam,-4
pemberian,-3
pengangkatan,-3
histeris,-4
tegur ajar,-5
berkorban,-3
merindingkan,-4
lali,-4
kemamang,-4
cepat,-3
garis bawah,-3
incang-incut,-4
memikul,-5
menarik,-4
meningkah,-5
ganar,-4
ganas,-5
mengesup,-3
bir,-5
influensa,-3
terhindar,-4
durjana,-5
tabrak,-3
biarpun,-3
setek,-4
kantong perut,-5
menconteng,-3
pelesit,-4
lumut,-3
menyimpang,-4
berkawan,-3
dialog,-3
ujung,-3
ikat,-5
meneguhkan,-3
pengiriman,-5
lepasan,-3
khasi,-4
jenaka,-3
mencalit,-3
goncang,-3
bergumul,-4
membencanai,-4
gelisah,-5
redam,-5
kenestapaan,-3
sidik midik,-3
stagnasi,-5
lingkup,-5
blaster,-3
merentak,-3
bertubrukan,-4
penuh sesak,-3
kakas,-3
celomok,-4
terpaut,-4
cacing rambut kuda,-4
moncong,-3
sentakan,-5
bergesel,-3
rempak,-4
bangsawan,-3
bergesek,-3
kukur,-3
diskredit,-4
kelam,-4
bujukan,-3
mengamput,-3
jahit,-5
adil,-3
penyalut,-3
terpukul,-4
teralienasi,-3
kukuh,-4
bergeser,-4
biasa,-4
tali jantung,-3
bertitikan,-3
berlengkesa,-3
durkarsa,-5
sesat,-4
puncak,-3
puatang,-5
tangkas,-4
komunikasi,-4
pusang,-5
sempelah,-4
menurunkan,-5
berbakti,-3
menguntungkan,-4
romong,-4
morat-marit,-3
terpacak,-3
jalur,-4
gebu,-3
tekak,-5
murca,-4
lisut,-4
mencemplung,-5
distingsi,-4
gerobak,-4
buletin,-3
berlalu,-5
kekecohan,-5
teologis,-4
menjeramah,-4
menjiplak,-3
garwa ampil,-5
mungil,-4
sumpit,-3
sara,-3
penganggur,-4
menggerenyam,-3
epigon,-3
merayau,-4
merentang-rentang,-5
merayap,-3
memipihkan,-3
berbantah,-5
aparat,-3
kucar-kacir,-5
berdaulat,-3
menyaman,-4
krisis,-4
pengap,-4
adon,-4
spektakel,-3
keras kepala,-4
menyeruput,-3
lawas,-4
cagaran,-3
padang pasir,-3
minim,-3
menyingkapkan,-4
terserak,-3
selebaran,-3
terbuka,-3
meleting,-3
menggarong,-5
berbeda,-4
cembung,-3
kuwur,-4
cerita rekaan,-4
tercengang-cengang,-3
agar,-3
bosman,-4
sama-sama,-4
kebisuan,-4
domot,-5
keterlibatan,-3
sirna,-5
aba-aba,-3
karavan,-4
suka mengganggu,-4
terluang,-3
memenggal lidah,-5
ekofraksia,-5
baterai,-3
pertiwi,-3
penelik,-3
kelebihan,-3
menggeramus,-4
sayu rawan,-3
menyepuk,-5
sajak,-3
prosa,-4
berkupak,-3
cerna,-5
cemoohan,-4
menggila,-4
beleter,-4
menjahatkan,-4
anom,-4
begal,-5
tarekat,-4
rawak,-5
tupai,-5
kasemat,-3
rawan,-5
abnormalitas,-4
mencukupi,-3
jalanan,-4
cemuas,-4
dam,-3
ekspirasi,-3
menyinggang,-4
mengimbangi,-5
penarung,-4
merasi,-3
cacing gelang-gelang,-4
ludes,-5
pedas,-4
pedar,-4
waswas,-3
menonjok,-3
aju,-3
buang hajat,-5
membosankan,-3
bala,-5
ketaksaan,-5
rombengan,-4
pemerdaya,-4
memarap,-3
larat,-3
pelor,-3
gastroenterologi,-5
bangbung,-4
membentur,-3
karang,-3
ongok,-3
tersaku,-3
menagak,-5
safih,-4
tulang punggung,-3
berpijar,-3
mengganas bercabul,-4
titisan darah,-3
jaras,-5
menghentikan,-5
rengsa,-5
menyerang,-3
jawab,-5
kalimat,-3
membeset,-4
jantung hati,-3
cuca,-3
bebel,-5
sukaria,-3
konveks,-3
beli,-3
histeria,-5
menahan,-5
mengonsumsi,-4
beterjunan,-5
menguyuh,-3
komunitas,-3
silang sengketa,-4
berbenturan,-4
korek api,-4
lambat-lambat,-4
adu,-3
pemantik api,-4
bulus,-5
detak,-3
tergolong,-3
besot,-3
resultan,-3
perhiasan,-4
mengerubuti,-4
buluh,-3
nira,-3
resurjensi,-5
tonton,-4
tiup,-3
merenungi,-3
melalap,-4
muring,-5
kepercayaan,-3
geletar,-4
bertengkaran,-4
iringan,-4
menyeka,-4
menyelekehi,-3
cincong,-5
penghilangan,-3
melalah,-4
melalak,-3
bingit,-5
ronggang,-3
tunggakan,-4
kisi-kisi,-4
rumbing,-4
lahir kembali,-3
lenyap daratan,-4
jenazah,-4
pagi,-3
candal,-5
canda,-3
bercat,-3
isi,-5
puspamala,-3
gempil,-4
membeber,-4
kritikan,-5
tetas,-4
baret,-3
mencekam,-4
pengikat,-3
mengaduk,-4
supaya,-3
dakap,-3
kelelahan,-3
kisi,-3
bergabung,-4
sadur,-3
bertempiar,-3
tuil,-3
silap mata,-5
dekat,-4
bantai,-5
melintang,-4
handai,-4
serutu,-3
pesawat,-3
empos,-3
gempur,-4
ganteng,-4
sambar,-3
mampu,-4
bedeng,-3
berguncang,-5
kelompok,-5
menyilam,-3
belam,-3
usah,-5
belai,-4
cegat,-3
merajalela,-4
lancut,-4
tertabrak,-4
tampil,-3
tampik,-4
penipu,-4
mengganjarkan,-3
kereseng,-4
tikai,-4
bermoral,-4
sasana,-3
meliputi,-3
restoran,-4
iris,-4
bisul,-4
palka,-3
kejorokan,-5
lembu,-3
sarung,-3
menafakurkan,-3
gundal,-3
berbalik,-5
teliti waskita,-3
gundah,-5
yuwaraja,-4
cacing kentar,-4
bangkrut,-5
berusuh,-5
terbang pikiran,-4
kera,-3
pacak,-4
berpacaran,-3
cengkedi,-4
menyanggupi,-5
cocor,-3
menyolidkan,-3
kampungan,-5
ayal,-3
bahan,-3
bersuka-suka,-3
nuzul,-4
teriris,-5
berjejal-jejal,-3
jejap,-4
belang,-5
teragung,-4
alat negara,-3
banci,-5
mengingsar,-3
bertikai,-5
hancai,-5
menggemuruh,-4
menuguri,-3
mulus,-5
kitab,-3
ilat,-5
sempuras,-3
menyelar,-4
menyadran,-4
mencium tanah,-5
mangkir,-3
pasukan,-5
berantakan,-5
bacar mulut,-4
menguit,-4
kemesuman,-5
gamblang,-5
berkemam,-3
berkemal,-4
berkeluarga,-4
bersalahan,-4
mambang,-4
pengetam,-3
mengecewakan,-3
lalai,-4
ragu-ragu,-3
kuning,-4
gaib,-5
gilas,-4
ajuk,-5
sesalan,-5
menerjang,-3
mengempang,-5
mengencang,-3
kenistaan,-5
mengazab,-3
beloh,-5
berkenalan,-3
belot,-5
mengguncangkan,-4
meronta,-3
melenceng,-3
menyapu-nyapu,-4
kecut,-4
ekspres,-3
jeblok,-5
mengerinyau,-3
gertak,-5
berkurap,-4
buari,-4
mendekap,-3
duri,-4
mendakwa,-4
kanji,-3
berperang mulut,-3
bermula,-4
dura,-3
alku,-5
menyampuk,-3
lelap,-5
terselubung,-5
meleset,-3
kepompong,-5
tercelampak,-5
lubang jarum,-5
kurbal,-3
menghinggut,-3
gegar,-3
melelapkan,-3
jalan setapak,-4
jalan tikus,-4
sentong,-3
rel (kereta api),-4
balai,-3
tangis,-5
kejangkitan,-4
meteor,-4
menyunggit,-4
batu loncatan,-3
bondong,-4
gerenyot,-4
menghitamkan,-4
berlebih,-3
derum,-4
memberangsangkan,-4
genap,-3
mencoreng,-4
musnah,-5
memijak,-3
nona,-3
cerita anak,-4
menggerinjam,-4
keseleo,-3
grecok,-4
menyorong,-3
kecerobohan,-5
genah,-5
mengemu,-3
terselip,-3
hubung,-3
fakta,-3
rembas,-5
rampak,-5
tengkingan,-5
terpencil,-5
kepinding,-5
kekeliruan,-5
abar-abar,-5
leyu,-4
sebanding,-3
gebos,-3
pilak,-5
cacing keremi,-4
nyenyeh,-4
kantong kering,-4
penggaruk,-3
senewen,-4
menetapkan,-5
kacang botor,-3
