﻿word,weight
hai,3.00
merekam,2.00
ekstensif,3.00
paripurna,1.00
detail,2.00
pernik,3.00
belas,2.00
welas,4.00
kabung,1.00
rahayu,4.00
maaf,2.00
hello,2.00
promo,3.00
terimakasih,5.00
cover,3.00
mohon,2.00
mengawal,2.00
statistik,1.00
keluangan,3.00
jalan terbuka,3.00
banyaknya,3.00
lebar,3.00
bentang,1.00
hendaknya,1.00
silahkan,3.00
semboyan,2.00
ditunggu,2.00
akses,2.00
penerangan,2.00
hi,1.00
dibantu,2.00
makasih,4.00
halo,1.00
thanks,3.00
pengembangan,3.00
diva,2.00
punya,3.00
tidak segan,2.00
detailnya,1.00
tak segan,2.00
aktivasi,2.00
asih,3.00
kasih sayang,5.00
kekaguman,4.00
kehangatan,4.00
afeksi,2.00
renjana,2.00
amor,2.00
cinta kasih,5.00
tresna,2.00
filantropi,2.00
cintrong,2.00
suasana (hati),1.00
dinamika,3.00
tuhan,3.00
merespon,3.00
makmur,4.00
suka cita,4.00
pengguna,1.00
tunggu,1.00
lotre,2.00
nggak,1.00
kupon,3.00
terpelihara,4.00
terawat,5.00
tersadar,3.00
tari,1.00
gejolak,1.00
kejutan,3.00
pesta,4.00
getar,1.00
allah,5.00
berlabuh,3.00
terdaftar,1.00
negosiasi,2.00
revolusioner,3.00
follback,1.00
pelaminan,4.00
yasalamualaika,3.00
uang lelah,2.00
parsel,2.00
amplop,3.00
kenang-kenangan,3.00
pengasih,4.00
uang rokok,2.00
persenan,2.00
baksis,2.00
tanda mata,2.00
angpau,4.00
hibah,4.00
upa,2.00
bingkisan,4.00
suvenir,4.00
kesudian,2.00
berakar,2.00
para-para,2.00
termakan,1.00
kemasyhuran,4.00
reputasi,2.00
gelar,2.00
serep,2.00
invite,1.00
nyanyian,2.00
dendang,2.00
gita,2.00
gending,1.00
lagu,2.00
rintisan,2.00
bergelora,2.00
antusias,2.00
ringan tangan,4.00
membara,2.00
menyala,2.00
berlangganan,2.00
berdenyut,2.00
bersungguh-sungguh,4.00
rintis,2.00
jalan bebas hambatan,2.00
tarekat,2.00
bajing,1.00
bopong,1.00
berlezat,2.00
getaran,1.00
berperan serta,2.00
debar,2.00
raba,1.00
degub,1.00
ikut serta,3.00
berpartisipasi,3.00
menguntiti,1.00
penghayatan,3.00
mitra,2.00
diterima,2.00
sohib,3.00
beriktikad,2.00
berkeyakinan,3.00
beriman,3.00
percaya,2.00
menghajatkan,1.00
senyum,2.00
haloo,3.00
menarik hati,3.00
cedayam,2.00
hasan,3.00
tumandang,1.00
pengen,3.00
bener,3.00
hellooo,2.00
marilah,1.00
terbaik,5.00
ulung,4.00
good,5.00
silakan,1.00
main,2.00
alhamdulillah,5.00
unek-unek,2.00
sesalan,1.00
menyaksikan,1.00
pemenangnya,4.00
hiii,1.00
menyuarakan,3.00
menginterprestasikan,1.00
menaksir,3.00
menuturkan,3.00
memperkirakan,2.00
mengimla,1.00
mengantisipasi,3.00
menafsirkan,2.00
mengartikan,1.00
mengasosiasikan,3.00
borong,2.00
payu,2.00
membeli,2.00
membuat,1.00
tertawa kecil,4.00
minta,2.00
mengorak senyum,2.00
mesem,2.00
tersenyum,4.00
ok,4.00
ayo,4.00
mari,4.00
yuk,4.00
lincah,4.00
buru-buru,1.00
kencang,3.00
buntut,1.00
kilat,3.00
kunjung,3.00
mendahului,2.00
segera,3.00
lekas,2.00
akas,2.00
terampil,4.00
jeraus,2.00
pagi,1.00
pesat,3.00
sebat,1.00
kawal,1.00
berkawal,4.00
gugah,2.00
pustaka,4.00
sir-siran,2.00
pelihara,3.00
patroli,2.00
kitab,2.00
ronda,2.00
sambang,2.00
berguru,3.00
menuntut ilmu,4.00
melatih diri,4.00
menimba ilmu,4.00
mengaji,4.00
meneladan,4.00
mencari ilmu,4.00
luck,4.00
bersekolah,3.00
menggali ilmu,4.00
desak,1.00
menelaah,2.00
memahirkan,4.00
harmonisasiuniv,2.00
takut,1.00
sreg,2.00
penyatuan,3.00
wangi,4.00
pulas,4.00
merdu,5.00
harum,5.00
legit,4.00
inkorporasi,3.00
serundai,2.00
helloo,1.00
page,2.00
menyerempakkan,3.00
menyinkronkan,1.00
tolong,3.00
kediaman,2.00
panti,2.00
rumah,3.00
simplistis,3.00
menjejali,1.00
perfek,4.00
tayib,2.00
memejahijaukan,1.00
tayibah,2.00
jamil,2.00
mungil,3.00
rancak,5.00
mengisi,2.00
necis,4.00
menyidangkan,1.00
bagusan,2.00
estetis,4.00
firasat,1.00
cawis,2.00
berdandan,4.00
andini,2.00
indikasi,2.00
tersedia,4.00
tersaji,4.00
sholat,5.00
pastikan,3.00
tersuguh,2.00
perpanjangan,2.00
fiesta,3.00
terdamping,1.00
jomblo,1.00
medali,4.00
terdekat,1.00
artistik,4.00
wah,3.00
imut-imut,4.00
langkah baik,4.00
langkah kanan,3.00
guys,1.00
profit,4.00
waris,3.00
dominan,3.00
kooperasi,1.00
keras tulang,2.00
gedembal,2.00
tangguh,5.00
wedel,2.00
tapa,2.00
kedot,2.00
keikutsertaan,3.00
kesertaan,2.00
dibalas,2.00
kerja sama,4.00
tatap,1.00
berpengaruh,3.00
besar lengan,3.00
partisipasi,3.00
bedegap,3.00
peran serta,3.00
masif,2.00
gratis,4.00
membantu,4.00
busana,2.00
hasad,2.00
keki,1.00
free,3.00
wkwkwk,3.00
sangsi,1.00
berprasangka,1.00
bermaslahat,2.00
mujur,4.00
warisan,3.00
bersetuju,3.00
kenan,2.00
(hujan) gerimis,1.00
support,4.00
sahabat,4.00
gerimis,1.00
hujan,1.00
handai,3.00
kece,5.00
thank,4.00
hujan ringan,2.00
sobat,4.00
panjang tungkai,2.00
trims,4.00
doa,4.00
pacaran,3.00
berpacaran,3.00
teranyar,4.00
hallo,4.00
happy,5.00
ketemu,1.00
senjang,1.00
mudah-mudahan,1.00
modern,3.00
peranakan,2.00
pemudaan,2.00
masygul,3.00
gelebah,2.00
mending,2.00
regenerasi,4.00
simpel,3.00
sirap hati,1.00
puspa,4.00
mengenyam,1.00
merah telinga,1.00
bonafide,3.00
terbakar,1.00
bergairah,3.00
puspita,3.00
pelengkap,2.00
perempuan cantik,5.00
sewot,1.00
gusar,1.00
hiasan,3.00
kesuma,3.00
primadona,5.00
tulus ikhlas,5.00
senyuman,4.00
lugas,4.00
gemas,4.00
kusuma,4.00
yaudah,1.00
menyayang,4.00
menggemari,3.00
pasangan hidup,4.00
asah asih asuh,2.00
belom,1.00
hay,1.00
kepedulian,4.00
sepuh,1.00
kejelasan,1.00
seruh,2.00
terlukis,3.00
prosa,2.00
ketertarikan,4.00
cerita anak,2.00
bau tanah,1.00
atensi,2.00
tergambar,2.00
anekdot,2.00
mengamuk,1.00
shalat,4.00
lanjut,2.00
seneng,5.00
omong kosong,1.00
bombastis,2.00
fiksi,2.00
dzuhur,1.00
tips,4.00
kelonggaran,3.00
tq,4.00
respon,2.00
sirna,1.00
kelawasan,1.00
singgung,1.00
only,1.00
layanan,3.00
keluasan,3.00
langganan,4.00
resap,3.00
menyingsing,3.00
lelap,4.00
tembus,3.00
keringanan,2.00
beterbangan,2.00
lipur,2.00
sajak,2.00
mempertentangkan,1.00
peria,2.00
respons,3.00
jawaban,3.00
reaksi,2.00
kangen,3.00
tlg,3.00
sahutan,1.00
cepet,2.00
doang,1.00
lantik,3.00
akibat,1.00
sambutan,3.00
bersalin,3.00
wahyu,4.00
maha,4.00
terlindung,4.00
menetap,3.00
bersikukuh,1.00
rusuhan,1.00
meyakinkan,3.00
berkukuh,2.00
silang selisih,1.00
bersiteguh,1.00
syg,3.00
hii,3.00
pencegah,2.00
dependen,3.00
berteguh hati,4.00
berkuat,3.00
amin,3.00
tersampai,2.00
bersyukur,5.00
bergeming,1.00
jernih (suasana),1.00
nunggu,1.00
abis,1.00
bertekun,4.00
selamat,5.00
asmara,2.00
bertahan,4.00
suka-suka,3.00
gapaian,3.00
penguasaan,3.00
iritasi,1.00
mukhlis,3.00
senyap,1.00
terpukul,1.00
elite,5.00
asketisme,2.00
cita rasa,3.00
mampir,2.00
pasif,1.00
interferensi,2.00
membatu,2.00
lurus hati,3.00
geming,2.00
stagnan,1.00
membisu,1.00
cengkeraman,1.00
bungkam,1.00
raihan,2.00
asik,4.00
ready,1.00
sepantar,1.00
usikan,1.00
pantau,2.00
tunduk,1.00
karena Allah,2.00
fans,2.00
provokasi,1.00
terbaring,2.00
zuhud,2.00
sporadis,2.00
tertulang,2.00
capaian,4.00
rengkuhan,1.00
sukarela,4.00
sarannya,1.00
pesan,2.00
mencintaimu,4.00
menutup mulut,1.00
tidur,3.00
beribadat,4.00
meminta (kpd Tuhan),3.00
yoga,1.00
sayid,3.00
dapet,2.00
mendoa,4.00
berharap,4.00
harap,3.00
berdoa,4.00
bersembahyang,5.00
berselawat,3.00
yes,3.00
berpasrah,3.00
buruan,1.00
semi,2.00
memanjatkan doa,4.00
top,5.00
mood,2.00
berzikir,4.00
kenal,3.00
kebahagiaan,4.00
dengerin,3.00
bertanding,2.00
berusaha,3.00
jempolan,4.00
yahud,4.00
berjihad,3.00
juang,3.00
bersangkut,1.00
mencolok,2.00
pasar uang,2.00
memikat,2.00
taut,2.00
bayar,1.00
menarik,4.00
hebring,3.00
seru,5.00
pukul,1.00
simak,3.00
memuaskan,5.00
aduhai,4.00
bergelanggang,2.00
hatiku,2.00
love,5.00
yuuk,4.00
pelipuran,2.00
profitabel,4.00
tebal telinga,1.00
senyumin,3.00
cuek,1.00
berlaba,4.00
peduli,4.00
insyaallah,2.00
berkhasiat,4.00
diem,2.00
menguntungkan,4.00
mulu,2.00
motivasi,3.00
berkat,1.00
apatis,1.00
berhikmah,2.00
berfaedah,4.00
purnama,2.00
mengagumkan,4.00
siph,2.00
inklusif,1.00
beneran,3.00
wewenang,2.00
mojang,2.00
lunch,3.00
aziz,2.00
fav,5.00
okay,4.00
melancarkan,3.00
nemenin,2.00
cicip,3.00
bunda,3.00
laun,1.00
waras,2.00
pinter,5.00
melorot,1.00
bilas,1.00
terjeblos,1.00
terjun,1.00
menggelincir,1.00
lunas (kapal,2.00
rebah,2.00
reparasi,3.00
gontai,1.00
sederhana,3.00
tumpuan,2.00
himpit,1.00
turunan,1.00
mudah,4.00
tumbang,1.00
live,3.00
memandu,3.00
gamblang,3.00
terjungkal,1.00
ngasih,3.00
penyempurnaan,3.00
asasi,3.00
gurufavorit,3.00
friends,3.00
tercemplung,1.00
rektifikasi,1.00
meringankan,2.00
mamak,2.00
lambat,1.00
memudahkan,3.00
terbanting,1.00
pencitraan,2.00
berikhtiar,3.00
belanja,2.00
andai,2.00
lingsir,2.00
murah,3.00
assalamualaikum,3.00
ibunda,3.00
luruh,2.00
fondasi,2.00
arabika,2.00
membayangkan,2.00
rekonsiliasi,4.00
copot,1.00
simbok,2.00
saldo,2.00
berjatuhan,1.00
tergelincir,1.00
memuluskan,3.00
rontok,1.00
islam,4.00
mama,4.00
filial,2.00
ujian,1.00
puterin,1.00
mengantongi,1.00
gugur,1.00
berbuah,2.00
bersila,2.00
inovasi,4.00
berumah tangga,2.00
berbakat,4.00
ngerti,1.00
menumpang tinggal,1.00
menggelesot,1.00
kuliah,1.00
berbunga,3.00
filsafat,3.00
berketurunan,2.00
tinggal,1.00
wafat,1.00
bertunangan,3.00
kepo,2.00
menongkrong,1.00
dimulai,1.00
tabungan,3.00
kuat (dugaan),2.00
deposito,3.00
hy,1.00
mewarisi,3.00
komedi,3.00
fokus,3.00
bebodoran,2.00
lahir,3.00
deket,1.00
dewasa,2.00
menikah,4.00
tekad,4.00
bermukim,2.00
berpembawaan,1.00
pertukaran,1.00
dagelan,3.00
kasad,1.00
kelucuan,3.00
keduniaan,1.00
tawakal,3.00
cash,2.00
mengesahkan,2.00
pamrih,1.00
join,1.00
pancaroba,1.00
kunjungi,3.00
berdaya guna,4.00
modifikasi,2.00
mengirat,2.00
searah,1.00
khusyuk,3.00
adi,2.00
sob,2.00
beroperasi,1.00
didik,3.00
vote,1.00
iflix,1.00
gratifikasi,2.00
pamit,2.00
ekstra,3.00
bermohon,3.00
berdua,1.00
angguk,1.00
bepergian,1.00
joli,1.00
jodoh,3.00
terkoneksi,3.00
herbal,2.00
sesuai,3.00
sekata,3.00
laporkan,2.00
penghidupan,2.00
utopia,2.00
berkenan,2.00
rahim,2.00
lewat,2.00
geleser,1.00
special,4.00
obsesi,1.00
sepakat,4.00
bermohon diri,2.00
insentif,3.00
nafkah,3.00
setuju,4.00
curhat,2.00
berproses,1.00
varian,1.00
oke,2.00
kesabaran,5.00
mufakat,4.00
rawat,3.00
mikir,2.00
karunia,4.00
beredar,2.00
rangkap,2.00
tengah,2.00
komisi,3.00
check,1.00
nasi,2.00
serasi,4.00
maklumat,2.00
darurat,1.00
disarankan,1.00
inisiator,3.00
substansial,1.00
luntur,1.00
trima,1.00
berbagi,2.00
kabar,2.00
tiara,3.00
lancar,4.00
lanjutkan,1.00
baik-baik,3.00
pelancar,2.00
say,1.00
ajak,1.00
meminta,1.00
publikasi,2.00
benar-benar,2.00
rasio,1.00
baper,1.00
intensif,2.00
menyembul,1.00
hadir,2.00
muncul,1.00
menukar,1.00
ayunan,3.00
berhati-hati,3.00
kembang-kempis,3.00
hastag,1.00
diskaun,3.00
jumat,2.00
babe,3.00
merapal,1.00
bergetar,1.00
mengerubungi,1.00
bernyanyi,2.00
terperengah,1.00
irit,2.00
bergema,1.00
setir,1.00
penggunaan,1.00
selidik,2.00
penimbunan,1.00
muslim,3.00
merinai,1.00
memindahkan,1.00
swagriya,2.00
memperhitungkan,1.00
lelang,1.00
cuat,2.00
kenangan,3.00
kehebohan,1.00
maksimal,3.00
dipantau,2.00
smartphone,1.00
penabung,3.00
sharing,3.00
tampak,1.00
ngerasain,1.00
jagalah,3.00
penumpukan,1.00
lovers,4.00
gelegak,1.00
nyanyi,3.00
bahas,2.00
pengembangannya,3.00
tertinggi,3.00
lenggang,2.00
monggo,3.00
mengeroyok,1.00
ayun,1.00
aba,2.00
abi,2.00
queen,2.00
ekonomis,3.00
mengangsur,1.00
sebenernya,1.00
refresh,2.00
orang islam,2.00
nice,4.00
ayahanda,1.00
membahas,1.00
menorehkan,1.00
penambahan,2.00
kaitan,1.00
menyembur,1.00
gesek,1.00
geser,1.00
tetap hati,3.00
tercinta,4.00
signifikansi,2.00
sidang,1.00
penggentaran,1.00
definit,2.00
jali,2.00
kekerabatan,3.00
afiliasi,2.00
konkret,3.00
chat,3.00
alim,2.00
fanbase,3.00
reseptor,2.00
maujud,2.00
merah jambu,3.00
komunitas,2.00
eviden,3.00
genah,2.00
sensibel,2.00
coffee,2.00
bernyali besar,3.00
sangat,3.00
goda,2.00
sparing,3.00
jaringan,3.00
real,2.00
sentuh,1.00
belajar,3.00
informasinya,2.00
mengaibkan,1.00
membiasakan,2.00
konfirmasinya,3.00
kesimpulan,3.00
berwujud,2.00
pantas mulut,2.00
rizki,4.00
latih,3.00
sweet,3.00
bernyali,4.00
kentara,1.00
banget,1.00
percaya diri,4.00
adzan,3.00
transparansi,2.00
salamat,4.00
dear,2.00
persangkutan,2.00
candang,2.00
anut,2.00
jalanin,2.00
pandai bicara,3.00
pancur,1.00
interaksi,3.00
alim arif,4.00
cakep,5.00
single,3.00
penerima,2.00
langgam,2.00
merah muda,3.00
nyali besar,3.00
nekat,2.00
kesatria,2.00
sungguh-sungguh,2.00
konfirmasikan,3.00
bentur,1.00
determinasi,3.00
medium,2.00
tampilan,1.00
baku,1.00
kubra,2.00
satria,4.00
jentelmen,3.00
relevansi,2.00
penyambut,2.00
faktual,3.00
krim,1.00
melakoni,1.00
jamiah,1.00
esok,1.00
dikasih,2.00
penunggu dunia,2.00
ijab,2.00
menayangkan,2.00
snapback,2.00
pinky,3.00
sejenak,1.00
favorite,4.00
sigap,4.00
membimbingmu,3.00
couple,2.00
syarikat,3.00
penyesuaian,3.00
menghadiahkan,3.00
ikat janji,3.00
dapatkan,2.00
secepatnya,3.00
drum,2.00
tengkurap,2.00
terluang,2.00
nada,2.00
yukk,4.00
berlebih,1.00
tempo,1.00
hostel,1.00
menganugerahi,3.00
rembuk,3.00
pesanggrahan,2.00
pemikiran,1.00
bahasan,1.00
pose,3.00
bertaraf,3.00
penangguhan,3.00
mobil,1.00
care,2.00
baju,2.00
biarkan,1.00
bertekan,1.00
adaptasi,2.00
melayani,3.00
help,2.00
konferensi,2.00
gerak gerik,1.00
menyikap,1.00
pingin,2.00
lompong,1.00
azimat,1.00
penyelarasan,3.00
hamba Allah,3.00
bersemangat,4.00
habituasi,1.00
layan,2.00
ciyeee,1.00
senyumnya,3.00
maen,3.00
meladeni,3.00
perbincangan,2.00
merenangi,1.00
kesepakatan,3.00
itihad,3.00
menyelami,3.00
forum,2.00
penginapan,2.00
super,3.00
menggores,1.00
kencan,3.00
pengakuan,2.00
imbang,2.00
duluan,2.00
ngobrol,1.00
bismillah,4.00
tekan,1.00
pembahasan,1.00
berkualitas,4.00
ketiadaan,1.00
tandang,1.00
kestabilan,4.00
mengontak,1.00
memarkir,1.00
arung,1.00
cintai,4.00
tayang,3.00
balas,1.00
enjoy,3.00
kuy,1.00
motel,1.00
tengok,2.00
dangkal,1.00
deres,1.00
menelungkup,1.00
mirip,1.00
permufakatan,3.00
booking,2.00
plus,2.00
baiknya,1.00
meniti,2.00
reply,2.00
musyawarah,2.00
bernas,2.00
tambah,3.00
losmen,2.00
kenek,1.00
kerjaan,2.00
tukar pikiran,3.00
teh,1.00
pembeli,2.00
lihat,3.00
hotel,1.00
bertingkat,1.00
berbobot,2.00
perilaku,2.00
menghubungi,1.00
menanggapi,3.00
pengirim,1.00
pengangkut,1.00
rajah,1.00
gerak laku,1.00
setara,2.00
semerbak,2.00
arsitektur,2.00
selayaknya,3.00
rute,2.00
size,1.00
diskon,2.00
erang,1.00
saksama,2.00
konstelasi,2.00
koneksi,2.00
tergelak,4.00
sketsa,2.00
gelagat,1.00
tingkah laku,1.00
maklum,3.00
kebijakan,3.00
sepatutnya,2.00
beranda,1.00
permenungan,2.00
rapal,1.00
kemiripan,2.00
tertawa,5.00
sadar,2.00
berkarya,3.00
sewajarnya,2.00
menegarkan,2.00
great,3.00
menyanjung-sanjung,2.00
membunyikan,2.00
dateng,2.00
merapat,1.00
merata,1.00
antologi,1.00
pengalaman,2.00
rame,2.00
saran,2.00
adil,4.00
fulanah,1.00
coretan,2.00
ketawa,4.00
bertemu,2.00
persamaan,2.00
guruh,2.00
lumayan,1.00
mengembang,1.00
selfie,2.00
album,3.00
kiprah,3.00
dihati,3.00
verbal,1.00
suratan takdir,2.00
stabil,3.00
memuji-muji,4.00
lagak,2.00
terindah,5.00
aksi,2.00
sikap,2.00
terlewat,1.00
menegur,2.00
ngopi,3.00
solo,2.00
teguk,2.00
kalap,1.00
jatah,3.00
engah,1.00
untung,3.00
eaa,1.00
jujur,4.00
keras hati,1.00
koleksi,1.00
pertahanin,1.00
undang,2.00
berdendang,4.00
hoki,3.00
peruntungan,4.00
mantap,5.00
sugesti,2.00
tuah,1.00
patuh,4.00
keaktifan,2.00
melambungkan,2.00
pelajaran,2.00
usul,2.00
tenggang,1.00
sebanding,3.00
getol,2.00
gila-gilaan,2.00
melafalkan,2.00
terjaga,2.00
berserah,2.00
rohaniah,2.00
sepantasnya,2.00
ratu,2.00
mencium telapak kaki,1.00
daya upaya,3.00
setimpal,2.00
pasrah,3.00
buka,3.00
mahal,1.00
bertukar akal,1.00
kepuasan,3.00
mafhum,3.00
siuman,3.00
meluas,2.00
perkembangan,2.00
tekun,4.00
melek,2.00
lupain,1.00
musik,2.00
siapa,1.00
nikmati,3.00
dongeng,3.00
adek,1.00
streng,1.00
akidah,3.00
sponsor,2.00
keliatan,2.00
penunjang,3.00
kerasan,2.00
ketaatan,3.00
pendukung,4.00
telaten,4.00
malu,2.00
suporter,3.00
gempita,4.00
hingar,2.00
ikat,1.00
kontak,2.00
kenyamanan,4.00
kelahiran,3.00
diproses,1.00
penanganan,1.00
maslahat,3.00
ketetapan hati,3.00
solusi,3.00
pacarnya,2.00
homogen,2.00
gepok,2.00
sekolah,3.00
relasi,3.00
peristiwa,2.00
sastra,2.00
wajar,3.00
gegap,2.00
import,2.00
lukisan,2.00
cercah,2.00
lupakan,1.00
dikonfirmasi,3.00
perkasa,4.00
laba,4.00
esai,2.00
sumbu,2.00
iman,3.00
insiden,1.00
slow,1.00
dogmatis,2.00
penyokong,3.00
merilis,3.00
ekspres,3.00
hikmat,3.00
dahsyat,2.00
bersamamu,3.00
cute,5.00
keuntungan,4.00
baiklah,2.00
keteguhan hati,3.00
resolusi,3.00
memudar,2.00
kekuatan batin,3.00
menjadi-jadi,1.00
kumbang,1.00
alot,1.00
persahabatan,4.00
simple,3.00
selengkapnya,1.00
hiruk,1.00
okeey,2.00
deras,2.00
ceritanya,2.00
komunikasi,2.00
dicoba,2.00
dikirim,2.00
kekeliruan,1.00
mancing,2.00
demen,3.00
penyelesaian,2.00
tewas,1.00
proud,5.00
tergila-gila,3.00
voucher,3.00
ngaku,2.00
penanggulangan,2.00
anjir,1.00
keteguhan batin,3.00
perebutan,1.00
berkah,4.00
arak,2.00
kaya,2.00
ngalah,2.00
tulus hati,4.00
mimpian,2.00
team,1.00
silir-semilir,2.00
moga-moga,1.00
yaaaa,1.00
kado,2.00
terimaksih,4.00
berlimpah,1.00
mendarat,1.00
doain,2.00
baby,2.00
challenge,2.00
mulus,4.00
berdansa,3.00
prajurit,2.00
cintaku,4.00
welcome,4.00
mengenal,1.00
berjilbab,3.00
kerinduan,2.00
kalem,4.00
memantai,1.00
nungguin,1.00
game,2.00
leleh,1.00
ampun,1.00
amalan,4.00
tuntas,2.00
temennya,1.00
kukuh,2.00
rida,2.00
kepercayaan,3.00
masjid,3.00
mengucup,2.00
bantuin,3.00
ibadah,4.00
umum,1.00
pelangi,4.00
rejeki,4.00
tunai,3.00
membahagiakan,4.00
quran,3.00
produktif,2.00
alhamdulilah,3.00
rampung,3.00
tertata,3.00
solusinya,3.00
ikhlas,4.00
terbiasa,3.00
shiawase,2.00
kliyengan,1.00
pengaman,2.00
yank,2.00
aamiin,2.00
subur,2.00
gelak,2.00
betul,2.00
religi,1.00
memasuki,2.00
keprihatinan,2.00
nestapa,1.00
khawatir,1.00
masak,2.00
birthday,4.00
khayal,2.00
berparade,1.00
pantes,1.00
rapi,3.00
surau,2.00
dimiliki,1.00
siap,1.00
koordinasikan,1.00
kebanyakan,2.00
goreng,1.00
normal,1.00
tertarik,2.00
mengimbangi,1.00
bersahabat,2.00
sejati,3.00
undangan,1.00
smpai,1.00
mencinta,5.00
kuat,2.00
hati-hati,2.00
menghadiahi,4.00
pseudonim,2.00
mengingat-ingat,2.00
juta,2.00
ustazah,3.00
dicuekin,1.00
judul,2.00
kekayaan,2.00
modal,2.00
pelita,4.00
novel,2.00
cegak,1.00
sahabatnya,3.00
resmi,2.00
mudahan,1.00
sukacita,2.00
formal,2.00
liburan,3.00
pendek,1.00
ingat,2.00
prospek,3.00
gurih,1.00
matahari,2.00
visi,2.00
familiar,2.00
pantas,1.00
ganteng,4.00
jaga-jaga,1.00
menyesal,1.00
substansi,1.00
ganjaran balasan,1.00
jagoan,3.00
berirama,4.00
lihai,2.00
artis,2.00
portofolio,2.00
alaikum,2.00
teratur,4.00
aduh,1.00
bersesal,1.00
bonus,4.00
kekeluargaan,4.00
melengkapi,3.00
invitasi,2.00
upah,1.00
globe,1.00
menginsafi,3.00
banyak akal,3.00
mumpung,2.00
suara,2.00
besar hati,3.00
better,2.00
jeli,4.00
hemat,4.00
terlanjur,1.00
entitas,1.00
tajam mata,2.00
mendalam,3.00
insaf,2.00
pertiwi,3.00
imbalan,1.00
premium,2.00
simpatik,2.00
fantasy,2.00
mentab,2.00
memberi,2.00
ngajak,1.00
sayangnya,1.00
salambersama,1.00
muji,2.00
mengerti,2.00
lezat,5.00
tentangan,2.00
kepoin,2.00
sedap,5.00
tahan lama,1.00
lulus,5.00
mengganyang,1.00
ijtihad,3.00
ahli agama,1.00
pangeran,1.00
sahaja,2.00
meredam,1.00
merasai,1.00
solat,1.00
pendapatan,2.00
waspada,3.00
menyuap,1.00
ajakan,1.00
menyadari,2.00
ramah,5.00
satir,1.00
silaturahim,4.00
dibayar,3.00
terencana,2.00
pundi-pundi,2.00
promote,3.00
menyusutkan,1.00
kebaikan,4.00
menyempurnakan,3.00
majubersama,3.00
oportunitas,3.00
dialog,1.00
standardisasi,2.00
jualan,1.00
menyenangkan,4.00
melarutkan,1.00
perduli,4.00
cocok,4.00
trimakasih,4.00
pahala,2.00
menabung,4.00
pemberian,2.00
ustadz,3.00
pemandangan,2.00
semakin,2.00
ringan kepala,2.00
karib,4.00
mksh,2.00
perlawanan,1.00
penting,3.00
berpandangan,1.00
garis besar,2.00
beranak-pinak,2.00
fair,3.00
berarti,1.00
asli,2.00
kerja keras,3.00
natural,1.00
bersimpati,4.00
tulus,4.00
otak encer,2.00
menyuplai,2.00
refleksi,3.00
menemukan,2.00
perjuangin,3.00
berpendidikan,3.00
syukuri,3.00
talen,2.00
pertahankan,1.00
kecakapan,2.00
dede,1.00
bermutu,3.00
kebangkitan,2.00
lancarkan,3.00
berhajat,2.00
nabi,2.00
kualifikasi,2.00
luar biasa,4.00
intim,2.00
peka,2.00
awet,4.00
sahabatku,3.00
berbudi pekerti yang baik,3.00
ramaikan,3.00
reka,1.00
bantu,3.00
sensitif,1.00
bermanfaat,5.00
gede,2.00
bijaksana,1.00
berharga,3.00
congrats,3.00
aliansi,1.00
cadangan,2.00
kapabilitas,3.00
bangsawan,2.00
kekal,3.00
nikah,2.00
akrab,3.00
kagum,3.00
becus,1.00
soleha,3.00
tercengang,1.00
mengingatkan,3.00
gws,2.00
diajak,1.00
memfasilitasi,2.00
mempersiapkan,1.00
girang,3.00
imam,1.00
terpesona,4.00
disayang,3.00
mampu,2.00
ngelupain,1.00
upaya,1.00
bernilai,2.00
usaha,1.00
harmonis,3.00
cerdik,2.00
takjub,4.00
menyiapkan,1.00
mengasihi,2.00
terpana,1.00
sunyi,1.00
penyeragaman,1.00
mengucil,1.00
segenap,2.00
persiapan,2.00
cendekia,3.00
permata,3.00
natal,1.00
terpukau,2.00
naik ke pelaminan,3.00
gembira,5.00
pelajar,1.00
bertanya,2.00
meminati,3.00
ngurusin,2.00
terkesima,4.00
mencurigai,1.00
show,2.00
inteligen,1.00
rajin,4.00
hijau,3.00
tajam otak,4.00
empuk,3.00
berjaga-jaga,1.00
personalitas,1.00
diam,1.00
perataan,2.00
persediaan,3.00
kesediaan,1.00
cium,3.00
qadim,3.00
fine,3.00
terbuka,3.00
alamiah,2.00
pemenang,3.00
menyukai,4.00
terselenggaranya,3.00
dengar,2.00
cintamu,3.00
berpengetahuan,4.00
tablig,1.00
bersiap,1.00
koordinator,2.00
sumringah,4.00
kebolehan,2.00
berkeluarga,2.00
santai,2.00
mencintai,3.00
kepandaian,4.00
riang,3.00
senang,5.00
menyediakan,2.00
diamond,3.00
cool,2.00
kerjasama,3.00
perlu,2.00
sanggup,2.00
baginda,2.00
terang akal,3.00
menyeni,1.00
smga,1.00
bersedia,1.00
teduh,2.00
menghidangkan,2.00
cekatan,2.00
perak,1.00
ratna,2.00
menaruh hati,3.00
gombal,2.00
cantrik,3.00
berimbuh,1.00
genius,3.00
tangkas,2.00
naikkan,1.00
taman,1.00
menyayangi,4.00
bersemi,3.00
music,1.00
keseruan,3.00
antipati,2.00
merasuk,2.00
manfaatnya,3.00
fitrah,3.00
memperkuat,3.00
seindah,3.00
kecantikan,2.00
mata pencaharian,2.00
terkini,3.00
hamba allah,3.00
khasiat,4.00
lafal,2.00
rasuk,2.00
liat,2.00
hati,2.00
jihad,3.00
larut,1.00
pundi,2.00
jilbab,3.00
informasi,2.00
turun,1.00
seni,1.00
selenggara,3.00
rapat,1.00
tabung,3.00
kantong,1.00
karya,3.00
keroyok,1.00
tunjang,3.00
jempol,4.00
koordinasi,1.00
renang,1.00
bincang,2.00
pesona,4.00
sahut,1.00
edar,2.00
dandan,4.00
mahir,4.00
pandu,3.00
ken,3.00
pikir,1.00
pindah,1.00
pasuk,2.00
rata,1.00
naik,1.00
labuh,3.00
dapat,2.00
usik,1.00
menang,4.00
guna,1.00
tanya,2.00
pukau,2.00
moga,1.00
neng,5.00
longgar,3.00
zikir,4.00
baring,2.00
pati,3.00
pasti,3.00
keliru,1.00
kucup,2.00
aku,2.00
bom,1.00
aib,1.00
kerubung,1.00
bangan,2.00
bunga,3.00
boleh,2.00
imbuh,1.00
cengang,1.00
sembahyang,5.00
syukur,5.00
cinta,3.00
jelas,1.00
tingkat,1.00
timba ilmu,4.00
lakon,1.00
rencana,2.00
hendak,1.00
limpah,1.00
kembang,3.00
menung,2.00
tuntut ilmu,4.00
amuk,1.00
irama,4.00
citra,2.00
darat,1.00
jatuh,1.00
sudi,2.00
muas,5.00
hangat,4.00
selaras,3.00
bangkit,2.00
sir,2.00
banding,3.00
kuat duga,2.00
tumpu,1.00
guru,3.00
langgan,2.00
sinkron,1.00
daftar,1.00
jernih suasana,1.00
lam,3.00
bawa,1.00
benar,2.00
surat takdir,2.00
prasangka,1.00
kuntit,1.00
asosiasi,3.00
jungkal,1.00
tegar,2.00
suguh,2.00
suasana hati,1.00
rumah tangga,2.00
banyak,3.00
dukung,4.00
keluarga,4.00
lengkap,2.00
sedia,2.00
teladan,4.00
inap,2.00
patut,2.00
singsing,3.00
sabar,5.00
timbun,1.00
lanjur,1.00
lapor,2.00
proses,1.00
kuasa,3.00
simpat,4.00
teguh hati,3.00
mata cahari,2.00
heboh,1.00
sempurna,3.00
erti,2.00
cengkeram,1.00
luang,2.00
kirim,2.00
tukar pikir,3.00
ringan,2.00
nyali,4.00
gapai,3.00
nyala,2.00
angkut,1.00
tanggap,3.00
aji,4.00
tanggulang,2.00
coba,2.00
hajat,1.00
aja,1.00
sampai,2.00
bobot,2.00
harga,3.00
kejut,3.00
jalan buka,3.00
timpal,2.00
tongkrong,1.00
ajar,1.00
rindu,2.00
tahu,4.00
isi,2.00
manfaat,5.00
masyhur,4.00
pergi,1.00
mohon diri,2.00
capai,4.00
tata,3.00
kerja,2.00
sokong,3.00
latih diri,4.00
persen,2.00
rasai,1.00
para,2.00
sangkut,2.00
taruh hati,3.00
alam,2.00
selesai,2.00
rusuh,1.00
akar,2.00
sambut,3.00
sungguh,4.00
tulang,2.00
kini,3.00
cerita,2.00
cari ilmu,4.00
ana,2.00
hitung,1.00
tafsir,2.00
laden,3.00
suka,3.00
bingkis,4.00
operasi,1.00
pudar,2.00
ikhtiar,3.00
amal,4.00
gila,3.00
kam,2.00
kucil,1.00
kesah,2.00
ganjar balas,1.00
tinggi,3.00
dahulu,2.00
puji,4.00
mimpi,2.00
denyut,2.00
pemuda,2.00
gambar,2.00
tukar,1.00
hadiah,4.00
telungkup,1.00
pandang,1.00
baik,3.00
tarik,2.00
cakap,2.00
panjat doa,4.00
imbal,1.00
mukim,2.00
kenang,3.00
anugerah,3.00
meni,4.00
mikat,2.00
rengkuh,1.00
jenak,1.00
mulai,1.00
gores,1.00
terima,2.00
sila,1.00
silah,3.00
poin,2.00
bunyi,2.00
telaah,2.00
dansa,3.00
buah,2.00
cepat,3.00
hidang,2.00
selawat,3.00
kesima,4.00
daya guna,4.00
buat,1.00
tiada,1.00
ibadat,4.00
jadi,1.00
layak,3.00
gelincir,1.00
simpul,3.00
mutu,3.00
pengaruh,3.00
bara,2.00
nikmat,3.00
atur,4.00
awat,5.00
redam,1.00
luk,3.00
suplai,2.00
awal,2.00
sembul,1.00
susut,1.00
tuju,3.00
tegur,2.00
tangan,1.00
lupa,1.00
pelamin,4.00
sembur,1.00
biasa,2.00
nila,2.00
asket,2.00
karena allah,2.00
sesal,1.00
tutup mulut,1.00
gelanggang,2.00
hias,3.00
beli,2.00
curiga,1.00
makin,2.00
colok,2.00
cekat,2.00
prihatin,2.00
tanding,2.00
dua,1.00
taat,3.00
damping,1.00
arti,1.00
naik ke pelamin,3.00
tunang,3.00
sanjung,2.00
hujan gerimis,1.00
lebih,1.00
suap,1.00
gelesot,1.00
sayang,3.00
serah,2.00
serunda,2.00
milik,1.00
kuat batin,3.00
tukar akal,1.00
biar,1.00
kualitas,4.00
jual,1.00
sama,3.00
pasang hidup,4.00
cium telapak kaki,1.00
bijak,3.00
dunia,1.00
bagi,2.00
faedah,4.00
ganyang,1.00
raih,2.00
yakin,3.00
bayang,2.00
jaring,3.00
gelora,2.00
lorot,1.00
banting,1.00
uji,1.00
libur,3.00
jawab,3.00
kerabat,3.00
tarik hati,3.00
cadang,2.00
aktif,2.00
gema,1.00
rilis,3.00
saksi,1.00
panjang,2.00
lucu,3.00
gali ilmu,4.00
hayat,3.00
jejal,1.00
arah,1.00
antisipasi,3.00
hidup,2.00
terang,2.00
imla,1.00
minta kpd tuhan,3.00
tetap,3.00
salin,3.00
parade,1.00
konfirmasi,3.00
wujud,2.00
kasih,2.00
dekat,1.00
iktikad,2.00
tunggu dunia,2.00
angsur,1.00
budi pekerti yang baik,3.00
hikmah,2.00
cemplung,1.00
rekam,2.00
buru,1.00
tampil,1.00
bakat,4.00
luas,3.00
pacar,2.00
bakar,1.00
taraf,3.00
bisu,1.00
jalan bebas hambat,2.00
rebut,1.00
cegah,2.00
toreh,1.00
anyar,4.00
gari,3.00
lambung,2.00
batu,2.00
makan,1.00
keluang,3.00
lindung,4.00
rinai,1.00
dalam,3.00
bimbing,3.00
cantik,2.00
gentar,1.00
gairah,3.00
lunas kapal,2.00
jago,3.00
dagel,3.00
ramai,3.00
jaga,2.00
semangat,4.00
duli,4.00
beri,2.00
temu,2.00
jeblos,1.00
serempak,3.00
satu,3.00
saji,4.00
fasilitas,2.00
lukis,2.00
tentang,1.00
tutur,3.00
teguh batin,3.00
pantar,1.00
lawas,1.00
lawan,1.00
tumpang tinggal,1.00
pantai,1.00
puas,3.00
tahan,1.00
parkir,1.00
nyaman,4.00
pandai,4.00
tara,2.00
titi,2.00
perata,2.00
kira,2.00
indah,3.00
kenyam,1.00
serta,2.00
bagus,2.00
taksir,3.00
hubung,1.00
kait,1.00
orak senyum,2.00
bahagia,4.00
seragam,1.00
coret,2.00
memperindah,3.00
lebun,3.00
wadak,3.00
lebuk,3.00
sesaji,4.00
merenung,3.00
pengajar,3.00
dikara,3.00
khalis,4.00
putus,3.00
faktitius,3.00
pasang,4.00
memafhumi,3.00
stabilitas,4.00
bapa,3.00
manis,5.00
tekanan jiwa,4.00
tempo-tempo,3.00
berpiuh,3.00
kepatuhan,3.00
anak sekolah,3.00
mempromosikan,3.00
takyin,3.00
ketapak,3.00
kegembiraan,4.00
kunci,3.00
pelanggan,4.00
lancung,3.00
tunas,3.00
tergeleng-geleng,4.00
berkobar-kobar,4.00
bacot,3.00
melakonkan,3.00
mengusili,4.00
ansar,4.00
kelezatan,4.00
binen,3.00
abid,3.00
mengawaki,5.00
belukar,3.00
remeh,4.00
banyolan,3.00
bersendeng,4.00
pertanda,4.00
komplet,3.00
tindakan,3.00
amerta,3.00
analisis,4.00
berlatih,4.00
penundukan,3.00
pengganti,3.00
karyawan,3.00
kondang,5.00
lalu,3.00
kalong,3.00
riasan,3.00
kecong,3.00
dewana,3.00
kesukacitaan,3.00
perwira,4.00
tela,3.00
perpaduan,4.00
sarap,3.00
candrasa,3.00
memegang kitab,4.00
apas,5.00
persesuaian,4.00
kesufian,4.00
meletakkan,4.00
digdaya,4.00
kadang,3.00
merentangkan,3.00
menginginkan,4.00
formasi,3.00
bersagang,4.00
nyata,4.00
prawira,4.00
terbalik akal,3.00
astagfirullah,3.00
kesohor,5.00
mabrur,4.00
harkat,5.00
geger,4.00
jernih,4.00
balasan,3.00
menyusuri,3.00
acuh tak acuh,4.00
berbagai,3.00
inayat,4.00
bantah-bantah,5.00
kadar,5.00
kaji,4.00
derauan,3.00
distribusi,3.00
unggulan,5.00
kebutuhan,4.00
tegap,3.00
menyeberangi,3.00
mulut sungai,4.00
wekel,4.00
tepercaya,3.00
cantum,4.00
berharta,4.00
sakelek,4.00
manja,5.00
memperelok,3.00
fit,4.00
mengizinkan,3.00
widyaiswara,3.00
paduka,4.00
mempersolek,3.00
mengakar,5.00
terdahulu,4.00
berkegiatan,4.00
menghikayatkan,3.00
perserikatan,3.00
penghuni,3.00
cendera,4.00
ugahari,3.00
sohor,4.00
besar akal,4.00
sepatu,3.00
perangsang,3.00
kawakan,5.00
azamat,4.00
sekar,5.00
menggemparkan,4.00
angan,3.00
menurut,4.00
sekah,3.00
meramalkan,3.00
sekam,3.00
bertundangan,3.00
bausuku,3.00
terperinci,3.00
bergantung,4.00
berkesesuaian,3.00
taruhan,3.00
jala,3.00
resam,3.00
Ahad,3.00
bermartabat,4.00
andur,3.00
cerminan,3.00
menghukum,4.00
umur,4.00
duga,3.00
menokok,3.00
lurus,4.00
juak-juak,5.00
pemaafan,5.00
jalan keluar,3.00
berlilit,3.00
fantasi,3.00
makhluk,3.00
rana,4.00
mengalunkan,3.00
bubuh,4.00
andil,4.00
berbagai macam,3.00
gatra,3.00
petah lidah,4.00
tengkuluk,3.00
instingtif,3.00
donatur,3.00
jibilah,4.00
pusaka,4.00
perseptif,3.00
otomatis,3.00
rupawan,5.00
preinan,3.00
absorpsi,3.00
kemangkakan,3.00
warok,3.00
paket,4.00
preseden,4.00
bersanggama,5.00
endut-endut,3.00
eksklusif,4.00
beruntutan,3.00
naik daun,4.00
mata gawai,4.00
melalui,3.00
hayo,4.00
eksplisit,3.00
sinuhun,4.00
penyimpan,3.00
longo,3.00
sosialita,5.00
beruntung,4.00
bulat kata,3.00
hipotetis,3.00
perai,3.00
kemampuan,4.00
fatamorgana,3.00
meledos,3.00
tersungging,5.00
bersambang,4.00
spesialis,4.00
interupsi,3.00
refleks,3.00
penjenang,4.00
dok,4.00
kehadiran,3.00
dol,3.00
metah,4.00
malayari,3.00
maimun,4.00
datar,3.00
melanyak,4.00
berdiam,4.00
gajak,4.00
bisikan,4.00
bakir,4.00
kenduri,4.00
tangkisan,3.00
bersengat,5.00
bain,3.00
delusi,3.00
mencebikkan,4.00
mengeloskan,3.00
menelurkan,3.00
preventif,4.00
capek,4.00
berguna,5.00
tanya jawab,3.00
stop,3.00
mengimbuhi,3.00
penongkat,3.00
ekstremis,3.00
khayalan,4.00
sosialistis,3.00
tungkak,4.00
kekhususan,3.00
perian,3.00
sauk,3.00
serentak,3.00
panggul,4.00
habis,3.00
gubahan,3.00
bagak,5.00
bagas,5.00
angan-angan,4.00
bertakwa,4.00
mengenang,3.00
menyesali,3.00
awas,4.00
jreng,3.00
kekuatan,3.00
bersahaja,5.00
figur,3.00
beroleh,3.00
perolehan,3.00
mengarifi,3.00
kesebatan,4.00
pemilikan,3.00
gebyar,4.00
sedeng,3.00
kemahiran,4.00
menghinakan,4.00
martabat,5.00
keterikatan,4.00
pionir,3.00
berakidah,4.00
kepentingan,5.00
bernapaskan,3.00
gigil,3.00
trengginas,5.00
pulut,3.00
terbangun,3.00
jaya,4.00
sintal,3.00
lemah,5.00
susah hati,3.00
stupa,4.00
lemas,5.00
jantan,5.00
beranak,3.00
jabar,3.00
rekaan,3.00
putus kata,4.00
intuitif,3.00
sorongan,4.00
impulsif,3.00
bercermin,4.00
kecerdikan,4.00
inferensi,3.00
berjasa,4.00
sintetis,3.00
ramanda,3.00
intan,3.00
tanggapan,3.00
takrif,3.00
moratorium,3.00
perkiraan,3.00
membenang,4.00
servis,3.00
reksa,3.00
bugar,4.00
silang pendapat,3.00
kakek,3.00
gengsi,4.00
karsa,3.00
menebarkan,3.00
mengesankan,4.00
beristirahat,3.00
kaisar,4.00
pencatat,3.00
bentuk,4.00
angkat,3.00
rais,3.00
atasan,3.00
studi,4.00
fusi,4.00
meluluskan,3.00
tepat guna,4.00
suntuk,5.00
seibu,3.00
kegirangan,3.00
rembukan,3.00
kunyah,3.00
moblong,3.00
percederaan,5.00
terpelajar,4.00
tulen,3.00
mengimbas,3.00
lindu,4.00
lantip,3.00
daya tahan,5.00
bergas,5.00
kepintaran,4.00
cucu Adam,3.00
kepelesiran,3.00
sangkil,4.00
endus,3.00
elu,3.00
pekerja,3.00
mengotot,4.00
cengkauan,3.00
daim,3.00
memesonakan,5.00
keberuntungan,4.00
meriah,3.00
melihat,3.00
kegilaan,3.00
bertanya-tanya,4.00
kegiatan,3.00
pemufakatan,4.00
kimah,5.00
surat tanah,3.00
moral,4.00
kundangan,5.00
salim,4.00
rimba,3.00
keriangan,4.00
estetik,4.00
murid,3.00
runtut,3.00
mendidik,3.00
umi,4.00
sukat,3.00
muktamar,4.00
tanda-tanda,4.00
sunan,4.00
tawarikh,3.00
mengibai,4.00
uraian,3.00
lampu,4.00
efek,3.00
rafi,3.00
transendental,3.00
kicau,3.00
primitif,3.00
sejadah,3.00
terhalang,3.00
produk,3.00
pencedok,3.00
animo,4.00
kejayaan,4.00
duka,4.00
kenikmatan,4.00
sembahyangan,4.00
suam-suam kuku,4.00
peronda,3.00
paya,4.00
pantulan,3.00
panorama,3.00
ampas (kopi),3.00
bernama,4.00
gentas,3.00
samseng,3.00
rela,5.00
talenta,4.00
bangkit selera,3.00
lebih-lebih,4.00
perkomplotan,4.00
tasamuh,5.00
ura-ura,4.00
khas,4.00
pokta,5.00
menistakan,4.00
resep,3.00
teranggar-anggar,3.00
penat,4.00
aneh,4.00
lestari,4.00
ganjaran,5.00
emir,4.00
siswa,3.00
kontributor,3.00
minat,4.00
manjur,4.00
vista,3.00
pendalaman,4.00
tip,4.00
penyantun,4.00
panas,4.00
kepleset,3.00
perhimpunan,3.00
golongan atas,5.00
bertepatan,3.00
mahdi,3.00
mencontoh,4.00
menjahili,4.00
bergamat,4.00
roh,4.00
ketangkasan,4.00
pengharmonisan,3.00
menyerikati,3.00
menggerecoki,4.00
sarju,4.00
anak sasian,3.00
Yang Dipertuan,4.00
bapang,3.00
santer,4.00
kelepasan,3.00
kohesi,4.00
seraya,4.00
jebakan,3.00
menjelang,3.00
wisma,3.00
rusak,3.00
lambuk,3.00
bersumber,4.00
bersimpuh,3.00
kits,5.00
sambatan,4.00
penali,3.00
konsultasi,3.00
bakh,4.00
ordo,3.00
cekel,4.00
orde,3.00
penumpil,3.00
direktur,3.00
berjiwa,3.00
praktis,4.00
santiran,3.00
berpakaian,4.00
denda,3.00
melongo,3.00
akil,4.00
bos,3.00
eka,3.00
hilang,3.00
lakeri,3.00
sebandung,3.00
transparan,3.00
gubris,3.00
berjaya,4.00
prei,3.00
pere,3.00
tersendat,4.00
peri,3.00
ulama,3.00
aya,3.00
bungkusan,4.00
memintasi,3.00
mikroanalisis,3.00
berupaya,3.00
mengikuti,3.00
mengumpulkan,3.00
nirmala,4.00
gampang,4.00
ganduh,3.00
bersama,3.00
berembuk,3.00
terima kasih,5.00
kamil,3.00
kanjang,4.00
perdeo,4.00
berbenak,3.00
menjelajahi,3.00
berakal,4.00
perincian,3.00
taruh,4.00
mau,5.00
drastis,4.00
arketipe,3.00
suci,4.00
berada,4.00
daya gabung,4.00
menghirukkan,4.00
vitalitas,3.00
memanjang,3.00
perlup,3.00
primbon,4.00
penjelasan,3.00
hamparan,3.00
meributkan,4.00
mustajab,4.00
waduh,3.00
cuti,3.00
kontemporer,3.00
mengasihani,4.00
purusa,3.00
putusan,3.00
kodrat,4.00
beralas,4.00
karimah,4.00
misbah,4.00
menggirangkan melegakan,4.00
nuftah,3.00
inventivitas,4.00
menentu,3.00
cerapan,3.00
prima,4.00
makanan,3.00
cuma-cuma,4.00
intelektual,3.00
zaim,3.00
preferensi,3.00
menghimpunkan,3.00
gombroh,3.00
kecepatan,4.00
pangus,5.00
permanen,3.00
benang raja,4.00
prodeo,4.00
punya nama,5.00
menenangkan,4.00
eja,3.00
sawala,3.00
trauma,4.00
biang keladi,3.00
melipur,4.00
terlibat,3.00
terbukti,3.00
ajal,3.00
menduga,3.00
prediksi,3.00
melampas,4.00
sempena hati,4.00
taksiran,5.00
bolehan,4.00
pengetahuan,4.00
kajian,4.00
tiris,3.00
gusti,4.00
recok,4.00
bianglala,4.00
menating,3.00
bersenandung,4.00
kebisaan,4.00
berprakarsa,3.00
berlibat,3.00
gembur,5.00
kelilipan,3.00
kebesaran,4.00
semarak,3.00
penggede,3.00
berhasrat,3.00
peninggalan,4.00
berpatroli,4.00
sumpah,3.00
timbalan,4.00
membaca,4.00
penanti,3.00
terus-menerus,4.00
pendataan,3.00
simetris,3.00
beber,3.00
membenarkan,3.00
protektor,3.00
berpatokan,4.00
naik pelaminan,4.00
lugu,4.00
ventura,3.00
berbentuk,3.00
pegah,5.00
sero,3.00
polemik,3.00
beraras,4.00
mengeluarkan darah,4.00
gempar,4.00
widita,4.00
kebajikan,4.00
tuntun,3.00
bersender,4.00
mematuhi,4.00
beraturan,4.00
hukum,3.00
mencari akal,3.00
batas (waktu),3.00
fertil,4.00
besar-besaran,3.00
kusa,3.00
bineka,3.00
wantah,3.00
menganut,4.00
ideal,3.00
meminda,4.00
anakan,5.00
tinggalan,4.00
samun,3.00
mustaid,3.00
solah,4.00
puadai,4.00
bercita rasa,3.00
artian,3.00
mullah,3.00
kesal,4.00
aneka,3.00
rahasia,3.00
ganjar,5.00
adakala,3.00
kemantapan,4.00
pendidik,3.00
dispensasi,3.00
penangkalan,4.00
menganggar,3.00
sublim,3.00
tekanan mental,4.00
mengganjari,3.00
prominen,5.00
disiplin,3.00
kosen,4.00
peleburan,3.00
terjadi,3.00
bilhak,3.00
pestaka,4.00
bekas,4.00
kincung,3.00
perut,3.00
cumil,4.00
mengerikan,4.00
bekal,3.00
mengecamkan,3.00
bersendel,4.00
traktat,3.00
terjemahan,3.00
pejatian,3.00
infinit,3.00
menyanyi,4.00
mengambil contoh,4.00
mekar,3.00
klien,4.00
sosial,4.00
kempuh,5.00
rupa,3.00
radu,3.00
mengalem,4.00
setujuan,4.00
sembuh,4.00
uluran,3.00
garda,3.00
kincang,3.00
konspirasi,4.00
susuk,3.00
berkedudukan,4.00
pergeseran,5.00
ganti,3.00
cenangkas,3.00
membingkas,3.00
ungkap,3.00
pelesapan,3.00
montok,3.00
ingatan,3.00
pop,5.00
merahimi,4.00
pola,3.00
mengherankan,3.00
anak didik,3.00
dekorasi,5.00
berstatus,4.00
pertumpahan,3.00
terjamin,5.00
eneng,5.00
statis,4.00
berpengalaman,4.00
menempuh (hidup),3.00
comel,4.00
celengan,3.00
pekerjaan,3.00
hutan,3.00
berpacangan,3.00
mukibat,3.00
hilir,4.00
menakjubkan,3.00
populer,5.00
keampuhan,4.00
kelapangan,3.00
melintas (rimba),3.00
perubahan,4.00
tanda jasa,4.00
sami,3.00
pas,3.00
licin,4.00
mempunyai,4.00
manila,5.00
bayangan,3.00
bersinar,4.00
atraktif,4.00
riil,4.00
kreativitas,4.00
mengetuk,3.00
naik pelamin,4.00
rekognisi,5.00
genit,5.00
letih,4.00
mengatakan,3.00
mewarnai,4.00
kegirangan keceriaan,4.00
berpamor,3.00
termulia,3.00
khalas,3.00
kaget,3.00
berkaca,4.00
asoi,3.00
sportif,3.00
menolong,4.00
terjadinya,3.00
guntang-guntang,3.00
damar,4.00
momentum,3.00
segar,4.00
memburu,3.00
titip api,3.00
menyegarkan,3.00
dodor,3.00
klasik,3.00
purna,3.00
harga diri,3.00
menerima,3.00
kemufakatan,3.00
ketajaman,3.00
menggegerkan,4.00
mengecilkan,4.00
penghimpunan,3.00
mengalami,3.00
mengumaikan,3.00
serapah,4.00
federasi,3.00
lunak,5.00
sudah,3.00
debuk,3.00
pemajangan,4.00
ilusi,3.00
penyerobotan,3.00
rekan,4.00
fatanah,3.00
kaki tangan,4.00
kelih,4.00
gerakan,4.00
akuan,3.00
pelayanan,3.00
tersem-bunyi,5.00
jelang,3.00
rumput,3.00
pinggul,4.00
simpleks,3.00
nuri,3.00
pembiasaan,3.00
terutama,4.00
spesialisasi,3.00
kalis,4.00
kemaslahatan,4.00
seremeh,3.00
besar,4.00
seemak,3.00
julat,3.00
penggalian,4.00
pokok,3.00
catu,4.00
nyana,3.00
cebak,3.00
bertumpuk,4.00
sebetulnya,4.00
pendaftaran,3.00
kesemarakan,4.00
berteduh,3.00
fadil,3.00
punia,4.00
berkecambah,3.00
tenaga,3.00
tutuk,3.00
tangsel,3.00
yg dipertuan,4.00
dambaan,3.00
romantis,4.00
monopoli,3.00
interpretasi,3.00
sambung tangan,4.00
ab,3.00
pantat,3.00
wiladah,3.00
mencontohkan,4.00
Sri paduka,4.00
umat,3.00
penderma,3.00
pengenalan,5.00
labiovelar,4.00
penggabungan,3.00
langsung,3.00
kroni,4.00
sregep,4.00
sangka,3.00
menderaikan,3.00
majenun,3.00
cermin,3.00
gol,3.00
rampuh,3.00
kampanye,3.00
berputra,3.00
berseni,4.00
drama ria,3.00
mendeteksi,3.00
ambisi,4.00
tedas,3.00
berahi,5.00
tepa salira,5.00
pengumpulan,3.00
mengira-ngira,3.00
pengurus,3.00
adab,3.00
probabilitas,3.00
vila,3.00
degap,3.00
kesetiaan,3.00
mufaham,3.00
penandasan,3.00
komplemen,5.00
terkemuka,5.00
pelayan,4.00
mahabah,4.00
kegagahan,4.00
bernafsu,3.00
sekali-kali,3.00
menembusi,3.00
binasa,3.00
efisien,4.00
radikalis,3.00
bergigi,3.00
pelit,4.00
uluran tangan,4.00
melicinkan,4.00
mengadunkan,3.00
suasana,4.00
merecoki,4.00
sani,3.00
cempiang,3.00
kujarat,5.00
zakelek,4.00
margrit,3.00
afdal,3.00
meremehkan,4.00
foto,3.00
termasyhur,4.00
mengimbuhkan,4.00
tukar cincin,3.00
betapa,4.00
menambah,3.00
abu,3.00
bersemayam,4.00
panas kuku,4.00
distingtif,4.00
pencegahan,4.00
idaman,3.00
mengacau,4.00
jaswadi,3.00
memukau,4.00
muara,4.00
berbahagia,4.00
samad,3.00
asa,3.00
perhatian,4.00
suplemen,5.00
enak,5.00
mendusin,4.00
mewisuda,3.00
mencengangkan,4.00
plong,3.00
kehormatan,5.00
sesungguhnya,4.00
penyerasian,3.00
pemuaian,3.00
pelatih,3.00
berkenaan,4.00
perkumpulan,3.00
isi perut,3.00
tahan lasak,4.00
pemilik,3.00
bergolongan,4.00
bertransaksi,3.00
kreatif,4.00
berkecukupan,4.00
heran,4.00
astaga,3.00
sangkut-paut,3.00
permukiman,3.00
kejadian,3.00
mendapat,3.00
grahita,3.00
memusingkan,4.00
memprediksi,3.00
sebenarnya,4.00
bercahaya,4.00
menyepelekan,4.00
berkategori,4.00
autentik,3.00
wawancara,3.00
penahan,3.00
dominasi,3.00
memolakan,4.00
menganggap,3.00
melendeh,3.00
pengasuh,3.00
memendam,4.00
prabu,4.00
bapanda,3.00
rotan,4.00
kudus,4.00
berderajat,4.00
sukses,3.00
indah ambang,4.00
gombrong,3.00
menebak,3.00
tanganan,3.00
ya,4.00
rani,4.00
dendam berahi,5.00
gombrang,3.00
kaci,4.00
lembuk,3.00
elegan,4.00
gagah,5.00
penolong,4.00
antusiasme,3.00
amanah,5.00
mengganggu,4.00
energi,3.00
isbat,3.00
menongkat,4.00
cublik,4.00
menggemburkan melambuk,3.00
anggapan,3.00
positif,4.00
bersauh,4.00
nyamleng,5.00
bersaur,3.00
tersengal-sengal,3.00
menumbuk,4.00
pegawai,3.00
mesra,4.00
penunggu,3.00
memalu,3.00
tajam pikiran,4.00
garing,5.00
bersitegang,4.00
intrik,4.00
manggala,3.00
membalas,4.00
permadani,3.00
paparan,3.00
kekekalan,3.00
kredibel,3.00
guar,3.00
gerak hati,4.00
kipu,4.00
bumbu,5.00
kemunculan,3.00
keriaan,3.00
sains,3.00
nian,4.00
kasatmata,4.00
jamik,3.00
keseimbangan,4.00
lebai,4.00
seringai,4.00
berhasil,3.00
terbatas,3.00
definisi,3.00
komplot,4.00
afirmasi,3.00
jamhur,3.00
gres,4.00
gerha,3.00
mengalirkan darah,4.00
dana,4.00
tabung bambu,3.00
tahu aturan,4.00
menerka,3.00
kerukunan,3.00
keterbukaan,5.00
kasual,3.00
teja,4.00
berlagak,4.00
bersayap,4.00
donor,3.00
(warna) dadu,3.00
akomodasi,3.00
tebak,3.00
cegar,4.00
amat,4.00
terbayang-bayang,3.00
bertambatan,3.00
menjalani,3.00
keenakan,4.00
asuh,3.00
melewati,3.00
jawara,3.00
rakitan,3.00
suara halus,4.00
rawa,4.00
pengukur,3.00
mempercantik,3.00
dalang,3.00
mengangkat-angkat,4.00
bentukan,3.00
langgeng,4.00
deduksi,3.00
bestari,4.00
ringan tulang,5.00
prasarana,3.00
menyandar,4.00
wasiat,4.00
bisnis,3.00
langkah,4.00
tongkeng,5.00
menguntir,4.00
masakan,3.00
tergantung,3.00
keputusan,4.00
menyapih,4.00
bayang-bayang,3.00
bercokol,3.00
sinkronisasi,3.00
menjelajah,3.00
mencari jalan,3.00
meremas-remas,3.00
terala,3.00
memunculkan,3.00
bermacam-macam,3.00
upa-,4.00
bulang,3.00
kemurahan,4.00
prayojana,3.00
berduit,4.00
biadab,3.00
tajam,4.00
limbukan,3.00
individual,4.00
suguhan,4.00
terkadang,3.00
debat,3.00
kedalaman,3.00
linuhung,3.00
berseri,4.00
korek,4.00
infak,4.00
maskapai,3.00
mengarahkan,3.00
ovum,4.00
ugal-ugalan,3.00
keurusan,4.00
centil,5.00
paradigma,3.00
tempoh,3.00
lentera,4.00
berpilin,3.00
kandis,4.00
selamatan,4.00
andal,5.00
benci,4.00
biduanda,5.00
getas,5.00
desakan,4.00
pelupuk mata,4.00
bertaruk,3.00
konsensus,3.00
meluncurkan,3.00
anteng,4.00
ulasan,3.00
anak Adam,3.00
integrasi,3.00
pendekar,3.00
keperluan,5.00
dikte,3.00
lapang,3.00
berilmu,4.00
spesifikasi,3.00
melantunkan,3.00
meruncing,4.00
dakaik,3.00
desain,4.00
memeluk,4.00
bertunas,3.00
ceri,4.00
berkaitan,3.00
ria,4.00
pertolongan,4.00
simpatisan,3.00
liputan,3.00
singkap,3.00
sembir,4.00
mendandankan,3.00
ihsan,4.00
penegasan,3.00
defensif,4.00
sepele,4.00
bersangga,4.00
peresapan,3.00
selesa,3.00
struktur,3.00
terpuji,4.00
ricuh,3.00
ajudan,4.00
wagu,4.00
mengononkan,3.00
perbaikan,3.00
tabah,5.00
gemi,3.00
tenaga kerja,3.00
pendahuluan,3.00
menghebohkan,4.00
ranum,5.00
lembek,5.00
kejuruan,3.00
lektur,4.00
berbetulan,3.00
sukar,4.00
pilihan,5.00
semu,3.00
rezeki,3.00
baca,3.00
trendi,3.00
kegunaan,4.00
imaji,3.00
bahaduri,4.00
semringah,4.00
wirid,4.00
cokol,4.00
energik,5.00
pemantapan,4.00
makruf,4.00
melisankan,3.00
teraso,4.00
intensi,3.00
gutuk,4.00
terkadang-kadang,3.00
cemerlang,4.00
gambir,3.00
bermakna,4.00
makbul,3.00
jelak,3.00
menyampaikan,3.00
menyebut,3.00
mementingkan,4.00
tokcer,4.00
serbaserbi,3.00
bikinan,3.00
kepiawaian,4.00
penentuan,3.00
nasabah,4.00
segeh,3.00
mengganjar,5.00
terka,3.00
linu,4.00
mahfum,4.00
teguran,3.00
kemas,3.00
tercapai,3.00
lini,4.00
atom,3.00
faal,4.00
berjenis-jenis,3.00
mustakim,4.00
jumpa muka,3.00
malim,3.00
kelimpahan,4.00
mendengungkan,3.00
genial,4.00
alangkah,4.00
spontan,3.00
tolakan,4.00
berkuasa,4.00
tercermin,3.00
mendikte,3.00
keurus,4.00
selera,3.00
jigrah,3.00
bonyok,5.00
kismat,4.00
tangkul,3.00
kreasi,3.00
terbuka mata,4.00
pengandaian,3.00
kapasitas,3.00
berkait,3.00
ciptaan,3.00
hakimah,4.00
akhlak,4.00
menuntun,3.00
lapangan,3.00
mengipasi,3.00
neces,4.00
doktrin,3.00
sibuk,4.00
efektif,5.00
gani,4.00
hulubalang,3.00
arif,4.00
buyung,4.00
lingkungan,3.00
keluaran,3.00
meragam,4.00
pembimbing,3.00
kisas,3.00
menyerupai,4.00
bumbung,3.00
nomine,5.00
bujang,4.00
memahami,3.00
khuluk,3.00
konklusi,3.00
suapan,4.00
berperingkat,4.00
panglima,3.00
tenggang rasa,5.00
berjunjungan,4.00
legawa,4.00
mengeja,3.00
sambungan tangan,4.00
jalan tengah,3.00
natur,3.00
ajojing,3.00
berwibawa,3.00
mengucapkan,3.00
tunggak,3.00
berdagang,3.00
pukal,3.00
bersaji,4.00
orientasi,3.00
daulat,4.00
ilmu,4.00
kontan,3.00
sing,5.00
berlanglang,4.00
berlagu,4.00
merger,3.00
alih generasi,4.00
permulaan,3.00
kemegahan,4.00
pesam,4.00
kucur,4.00
api,4.00
caplok,3.00
gangsar,4.00
zakiah,4.00
dakwa,3.00
kelajuan,4.00
kompetensi,3.00
adiluhung,3.00
konseptual,3.00
sentosa,5.00
bakti,4.00
sebukan,3.00
meraun,4.00
merencanakan,3.00
musara,3.00
sandaran,3.00
meriwayatkan,3.00
gempa bumi,4.00
banjir,4.00
bertenggang,3.00
melilit,3.00
jajak,3.00
mencerna,3.00
testimoni,3.00
kedoyanan,3.00
salat,5.00
bareng,3.00
berotak tajam,4.00
berlarasan,3.00
pencatatan,3.00
melontarkan,3.00
mengabaikan,4.00
berdarah,4.00
manusia,3.00
terpegah,5.00
panil,4.00
berpedoman,4.00
kiat,3.00
kias,4.00
berpunya,4.00
giliran,3.00
administrator,3.00
makna,5.00
embel-embel,5.00
berperang,3.00
kedai susu,4.00
kenyang,3.00
heban,4.00
daya pikir,3.00
mutakhir,4.00
interes,4.00
kasihan,4.00
melintangi,3.00
buaian,3.00
ketenteraman,4.00
organisasi,3.00
imitasi,3.00
bertelinga merah,4.00
mengentengkan,4.00
mengutarakan,3.00
iktifak,4.00
berdaya,3.00
puja,4.00
menyanjung,4.00
emong,3.00
superior,4.00
takar,3.00
muktabar,3.00
babaran,3.00
presiden,3.00
pemair,3.00
berakibat,3.00
gudi,4.00
prakiraan,3.00
terbaru,4.00
meniru,4.00
gempa,4.00
berkekuatan,5.00
jangka,3.00
bahadur,5.00
bayangkara,3.00
lajnah,3.00
pakat,4.00
simpanan,3.00
meronda,4.00
persembahan,4.00
santunan,3.00
mengecat,4.00
terkilan,3.00
eksemplar,3.00
perserupaan,4.00
artifisial,3.00
mati,4.00
unda,3.00
model,3.00
vak,3.00
eco,5.00
pembaruan,4.00
tenang,5.00
teoretis,3.00
reaksioner,3.00
santun,4.00
ornamen,5.00
belagu,4.00
pengalasan,3.00
menelusuri,3.00
buatan,3.00
kenamaan,5.00
dukungan,4.00
berpegang,4.00
pertemuan,3.00
adika,5.00
kadang-kadang,3.00
final,3.00
mengumumkan,3.00
insinye,4.00
terbayang,3.00
tata tertib,3.00
terjajah,3.00
bertenaga,5.00
ruji,3.00
ketertiban,3.00
terurus,4.00
pinisepuh,3.00
bukan main,4.00
lembik,5.00
seloroh,3.00
dobrak,3.00
bidasan,3.00
tertib,4.00
batasan,3.00
menimba,4.00
idam,3.00
tabe,3.00
melecehkan,4.00
lila,4.00
sering,3.00
terbit selera,3.00
meloloskan,3.00
dadak,3.00
jenang,4.00
serbasama,3.00
paduka Tuan,4.00
ceria,4.00
kemudi,3.00
absurd,3.00
labuhan,3.00
transaksi,4.00
gobek,3.00
menyusahkan,4.00
ikutan,4.00
terbayan,3.00
saruk,4.00
kemudahan,3.00
dingin,4.00
varia,3.00
itifak,4.00
ketibaan,3.00
merawikan,3.00
berpaut,3.00
tiruan,3.00
sebab,3.00
membimbit,3.00
percuma,4.00
gemar,5.00
sput,4.00
merakit,3.00
bertanduk,3.00
anjung,4.00
membubuhkan,4.00
jasa,4.00
jidur,3.00
berpelajaran,4.00
penerang,4.00
menyanyikan,3.00
impian,3.00
perantaraan,4.00
prasetia,3.00
teratas,3.00
berseluk,3.00
simpuh,3.00
belok,3.00
mengambil ibarat,4.00
hiruk-pikuk,4.00
memartil,3.00
pukauan,4.00
konsolidasi,3.00
sehat,4.00
kelar,3.00
kes,3.00
mengoles,4.00
berkandung,5.00
berimbas,3.00
memang,4.00
luluh,5.00
konstruktif,3.00
rama,3.00
girik,3.00
elektromotif,3.00
mencemaskan,4.00
berkepercayaan,4.00
tegang,4.00
panitia,3.00
bertepat guna,4.00
melahirkan,3.00
perusahaan,3.00
afair,3.00
budiman,4.00
gemirang,4.00
mustahil,3.00
sesambat,5.00
enteng,4.00
mengimbasi,3.00
tiang pancang,3.00
otentik,3.00
menangkap,3.00
tersohor,5.00
bawaan,3.00
porsi,4.00
ambilan,3.00
dengar pendapat,3.00
tajali,3.00
anggar,3.00
perembukan,4.00
harmonisasi,3.00
jiawang,5.00
bedah,3.00
memerikan,3.00
maut,4.00
objektif,4.00
berlevel,4.00
agam,5.00
mapan,3.00
emosi,3.00
memuai,3.00
hasil,3.00
muhibah,4.00
bangga,3.00
sepada,3.00
kikir,4.00
bantalan,3.00
menggambari,3.00
cedok,3.00
daya cipta,4.00
benak kepala,3.00
pemuja,3.00
mandraguna,4.00
ukur,3.00
sadu,3.00
prigel,4.00
perkolasi,3.00
jarak,3.00
menceritakan,3.00
muwafakat,3.00
tambahan,5.00
inventif,4.00
bersulur,3.00
abah,3.00
berkinte,3.00
kedodoran,3.00
berpola,4.00
kelelawar,3.00
kicu,3.00
hantu,3.00
nilai,5.00
mengakap,4.00
berbusana,4.00
otak,3.00
pengertian,3.00
ada,4.00
tabah hati,5.00
eksplorasi,4.00
ingat-ingat,4.00
realistis,4.00
girik-girik,3.00
masa kini,3.00
mendaifkan,4.00
utas,4.00
bersesuaian,3.00
bertuntun,3.00
candu,3.00
terkapah-kapah,3.00
pagon,3.00
kuala,4.00
pelarasan,3.00
aktual,4.00
serta-merta,3.00
pengapit,4.00
terbelenggu,3.00
bajik,4.00
derajat,5.00
petes,4.00
ganjil,4.00
berkeras hati,4.00
kepesatan,4.00
gerak-gerik,4.00
esa,3.00
renovasi,4.00
cendera mata,4.00
tikar,3.00
usai,3.00
kanjeng sultan,4.00
ribut,4.00
budak,4.00
berpulas,3.00
konformitas,4.00
membingkis,4.00
terkenal,5.00
abadi,4.00
darah,4.00
merah,4.00
asri,4.00
takzim,3.00
potensi,3.00
proyeksi,3.00
persekongkolan,4.00
stamina,3.00
maksud,3.00
idiosinkratis,4.00
mujarab,4.00
keahlian,3.00
tamat,3.00
berdisiplin,4.00
memaklumi,3.00
penghargaan,4.00
pangkat,5.00
semak-semak,3.00
pusat,3.00
seia,3.00
lepek,3.00
dedengkot,3.00
mengiler,3.00
konco,4.00
lelah,4.00
bergengsi,4.00
perbentrokan,5.00
bijih,3.00
campur,5.00
berkeinginan,3.00
paheman,4.00
terikat,3.00
rias,3.00
cindur mata,4.00
lapisan,3.00
paramarta,4.00
riah,3.00
watak,3.00
tokok,3.00
melantik,3.00
yamtuan,4.00
gapah,5.00
religiositas,3.00
melarikan,3.00
vakansi,3.00
spesial,4.00
asrama,3.00
orisinal,3.00
